/*
 * examples/mysql/demo.sql
 * 
 * This file is part of EditableGrid.
 * http://editablegrid.net
 *
 * Copyright (c) 2011 Webismymind SPRL
 * Dual licensed under the MIT or GPL Version 2 licenses.
 * http://editablegrid.net/license
 */

SET SQL_MODE="NO_AUTO_VALUE_ON_ZERO";
SET time_zone = "+00:00";


/*!40101 SET @OLD_CHARACTER_SET_CLIENT=@@CHARACTER_SET_CLIENT */;
/*!40101 SET @OLD_CHARACTER_SET_RESULTS=@@CHARACTER_SET_RESULTS */;
/*!40101 SET @OLD_COLLATION_CONNECTION=@@COLLATION_CONNECTION */;
/*!40101 SET NAMES utf8 */;

--
-- Base de données: `demo`
--

-- --------------------------------------------------------

--
-- Structure de la table `continent`
--

DROP TABLE IF EXISTS `continent`;
CREATE TABLE IF NOT EXISTS `continent` (
  `id` char(2) NOT NULL,
  `name` varchar(30) DEFAULT NULL,
  PRIMARY KEY (`id`)
) ENGINE=MyISAM DEFAULT CHARSET=latin1;

--
-- Contenu de la table `continent`
--

INSERT INTO `continent` (`id`, `name`) VALUES
('eu', 'Europa'),
('na', 'North America'),
('sa', 'South America'),
('af', 'Africa'),
('as', 'Asia'),
('au', 'Australia');

-- --------------------------------------------------------

--
-- Structure de la table `country`
--

DROP TABLE IF EXISTS `country`;
CREATE TABLE IF NOT EXISTS `country` (
  `id` char(2) NOT NULL,
  `name` varchar(50) NOT NULL,
  PRIMARY KEY (`id`)
) ENGINE=MyISAM DEFAULT CHARSET=latin1;

--
-- Contenu de la table `country`
--

INSERT INTO `country` (`id`, `name`) VALUES
('AD', 'Andorra'),
('AE', 'United Arab Emirates'),
('AF', 'Afghanistan'),
('AG', 'Antigua and Barbuda'),
('AI', 'Anguilla'),
('AL', 'Albania'),
('AM', 'Armenia'),
('AN', 'Netherlands Antilles'),
('AO', 'Angola'),
('AR', 'Argentina'),
('AS', 'American Samoa'),
('AT', 'Austria'),
('AU', 'Australia'),
('AW', 'Aruba'),
('AX', 'Aland Islands'),
('AZ', 'Azerbaijan'),
('BA', 'Bosnia and Herzegovina'),
('BB', 'Barbados'),
('BD', 'Bangladesh'),
('BE', 'Belgium'),
('BF', 'Burkina Faso'),
('BG', 'Bulgaria'),
('BH', 'Bahrain'),
('BI', 'Burundi'),
('BJ', 'Benin'),
('BM', 'Bermuda'),
('BN', 'Brunei Darussalam'),
('BO', 'Bolivia'),
('BR', 'Brazil'),
('BS', 'Bahamas'),
('BT', 'Bhutan'),
('BV', 'Bouvet Island'),
('BW', 'Botswana'),
('BY', 'Belarus'),
('BZ', 'Belize'),
('CA', 'Canada'),
('CC', 'Cocos (Keeling) Islands'),
('CD', 'Democratic Republic of the Congo'),
('CF', 'Central African Republic'),
('CG', 'Congo'),
('CH', 'Switzerland'),
('CI', 'Cote D''Ivoire'),
('CK', 'Cook Islands'),
('CL', 'Chile'),
('CM', 'Cameroon'),
('CN', 'China'),
('CO', 'Colombia'),
('CR', 'Costa Rica'),
('CS', 'Serbia and Montenegro'),
('CU', 'Cuba'),
('CV', 'Cape Verde'),
('CX', 'Christmas Island'),
('CY', 'Cyprus'),
('CZ', 'Czech Republic'),
('DE', 'Germany'),
('DJ', 'Djibouti'),
('DK', 'Denmark'),
('DM', 'Dominica'),
('DO', 'Dominican Republic'),
('DZ', 'Algeria'),
('EC', 'Ecuador'),
('EE', 'Estonia'),
('EG', 'Egypt'),
('EH', 'Western Sahara'),
('ER', 'Eritrea'),
('ES', 'Spain'),
('ET', 'Ethiopia'),
('EU', 'European Union'),
('FI', 'Finland'),
('FJ', 'Fiji'),
('FK', 'Falkland Islands'),
('FM', 'Federated States of Micronesia'),
('FO', 'Faroe Islands'),
('FR', 'France'),
('GA', 'Gabon'),
('GB', 'Great Britain'),
('GD', 'Grenada'),
('GE', 'Georgia'),
('GF', 'French Guiana'),
('GH', 'Ghana'),
('GI', 'Gibraltar'),
('GL', 'Greenland'),
('GM', 'Gambia'),
('GN', 'Guinea'),
('GP', 'Guadeloupe'),
('GQ', 'Equatorial Guinea'),
('GR', 'Greece'),
('GS', 'S. Georgia and S. Sandwich Islands'),
('GT', 'Guatemala'),
('GU', 'Guam'),
('GW', 'Guinea-Bissau'),
('GY', 'Guyana'),
('HK', 'Hong Kong'),
('HM', 'Heard Island and McDonald Islands'),
('HN', 'Honduras'),
('HR', 'Croatia (Hrvatska)'),
('HT', 'Haiti'),
('HU', 'Hungary'),
('ID', 'Indonesia'),
('IE', 'Ireland'),
('IL', 'Israel'),
('IN', 'India'),
('IO', 'British Indian Ocean Territory'),
('IQ', 'Iraq'),
('IR', 'Iran'),
('IS', 'Iceland'),
('IT', 'Italy'),
('JM', 'Jamaica'),
('JO', 'Jordan'),
('JP', 'Japan'),
('KE', 'Kenya'),
('KG', 'Kyrgyzstan'),
('KH', 'Cambodia'),
('KI', 'Kiribati'),
('KM', 'Comoros'),
('KN', 'Saint Kitts and Nevis'),
('KP', 'Korea (North)'),
('KR', 'Korea (South)'),
('KW', 'Kuwait'),
('KY', 'Cayman Islands'),
('KZ', 'Kazakhstan'),
('LA', 'Laos'),
('LB', 'Lebanon'),
('LC', 'Saint Lucia'),
('LI', 'Liechtenstein'),
('LK', 'Sri Lanka'),
('LR', 'Liberia'),
('LS', 'Lesotho'),
('LT', 'Lithuania'),
('LU', 'Luxembourg'),
('LV', 'Latvia'),
('LY', 'Libya'),
('MA', 'Morocco'),
('MC', 'Monaco'),
('MD', 'Moldova'),
('MG', 'Madagascar'),
('MH', 'Marshall Islands'),
('MK', 'Macedonia'),
('ML', 'Mali'),
('MM', 'Myanmar'),
('MN', 'Mongolia'),
('MO', 'Macao'),
('MP', 'Northern Mariana Islands'),
('MQ', 'Martinique'),
('MR', 'Mauritania'),
('MS', 'Montserrat'),
('MT', 'Malta'),
('MU', 'Mauritius'),
('MV', 'Maldives'),
('MW', 'Malawi'),
('MX', 'Mexico'),
('MY', 'Malaysia'),
('MZ', 'Mozambique'),
('NA', 'Namibia'),
('NC', 'New Caledonia'),
('NE', 'Niger'),
('NF', 'Norfolk Island'),
('NG', 'Nigeria'),
('NI', 'Nicaragua'),
('NL', 'Netherlands'),
('NO', 'Norway'),
('NP', 'Nepal'),
('NR', 'Nauru'),
('NU', 'Niue'),
('NZ', 'New Zealand (Aotearoa)'),
('OM', 'Oman'),
('PA', 'Panama'),
('PE', 'Peru'),
('PF', 'French Polynesia'),
('PG', 'Papua New Guinea'),
('PH', 'Philippines'),
('PK', 'Pakistan'),
('PL', 'Poland'),
('PM', 'Saint Pierre and Miquelon'),
('PN', 'Pitcairn'),
('PR', 'Puerto Rico'),
('PS', 'Palestinian Territory'),
('PT', 'Portugal'),
('PW', 'Palau'),
('PY', 'Paraguay'),
('QA', 'Qatar'),
('RE', 'Reunion'),
('RO', 'Romania'),
('RU', 'Russian Federation'),
('RW', 'Rwanda'),
('SA', 'Saudi Arabia'),
('SB', 'Solomon Islands'),
('SC', 'Seychelles'),
('SD', 'Sudan'),
('SE', 'Sweden'),
('SG', 'Singapore'),
('SH', 'Saint Helena'),
('SI', 'Slovenia'),
('SJ', 'Svalbard and Jan Mayen'),
('SK', 'Slovakia'),
('SL', 'Sierra Leone'),
('SM', 'San Marino'),
('SN', 'Senegal'),
('SO', 'Somalia'),
('SR', 'Suriname'),
('ST', 'Sao Tome and Principe'),
('SU', 'USSR (former)'),
('SV', 'El Salvador'),
('SY', 'Syria'),
('SZ', 'Swaziland'),
('TC', 'Turks and Caicos Islands'),
('TD', 'Chad'),
('TF', 'French Southern Territories'),
('TG', 'Togo'),
('TH', 'Thailand'),
('TJ', 'Tajikistan'),
('TK', 'Tokelau'),
('TL', 'Timor-Leste'),
('TM', 'Turkmenistan'),
('TN', 'Tunisia'),
('TO', 'Tonga'),
('TP', 'East Timor'),
('TR', 'Turkey'),
('TT', 'Trinidad and Tobago'),
('TV', 'Tuvalu'),
('TW', 'Taiwan'),
('TZ', 'Tanzania'),
('UA', 'Ukraine'),
('UG', 'Uganda'),
('UK', 'United Kingdom'),
('UM', 'United States Minor Outlying Islands'),
('US', 'United States'),
('UY', 'Uruguay'),
('UZ', 'Uzbekistan'),
('VA', 'Vatican City State'),
('VC', 'Saint Vincent and the Grenadines'),
('VE', 'Venezuela'),
('VG', 'Virgin Islands (UK)'),
('VI', 'Virgin Islands (US)'),
('VN', 'Viet Nam'),
('VU', 'Vanuatu'),
('WF', 'Wallis and Futuna'),
('WS', 'Samoa'),
('YE', 'Yemen'),
('YT', 'Mayotte'),
('ZA', 'South Africa'),
('ZM', 'Zambia'),
('ZR', 'Zaire'),
('ZW', 'Zimbabwe');

-- --------------------------------------------------------

--
-- Structure de la table `demo`
--

DROP TABLE IF EXISTS `demo`;
CREATE TABLE IF NOT EXISTS `demo` (
  `id` int(11) NOT NULL AUTO_INCREMENT,
  `name` varchar(100) NOT NULL,
  `firstname` varchar(100) NOT NULL,
  `age` int(11) DEFAULT NULL,
  `height` decimal(3,2) DEFAULT NULL,
  `id_continent` char(2) DEFAULT NULL,
  `id_country` char(2) DEFAULT NULL,
  `email` varchar(100) DEFAULT NULL,
  `freelance` tinyint(4) DEFAULT NULL,
  `lastvisit` date DEFAULT NULL,
  `website` varchar(100) DEFAULT NULL,
  PRIMARY KEY (`id`)
) ENGINE=MyISAM  DEFAULT CHARSET=latin1 AUTO_INCREMENT=501 ;

--
-- Contenu de la table `demo`
--

INSERT INTO `demo` (`id`, `name`, `firstname`, `age`, `height`, `id_continent`, `id_country`, `email`, `freelance`, `lastvisit`, `website`) VALUES
(1, 'Hoffman', 'Tatyana', 88, 1.32, 'na', 'CA', 'Nam@quisdiamluctus.org', 1, '2012-04-17', 'www.qktogkjbsvz.rdh'),
(2, 'Atkins', 'Ishmael', 44, 1.42, 'eu', 'UK', 'arcu.et.pede@musProin.cam', 1, '2012-02-25', 'www.xzuquuhxbid.ltk'),
(3, 'Hamilton', 'Mohammad', 73, 1.22, 'eu', 'FR', 'dui@duiCras.edu', 0, '2012-01-30', 'www.xkeyshkmst'),
(4, 'Murray', 'Troy', 18, 1.92, 'eu', 'FR', 'mollis@eutellus.co.uk', 0, '2012-02-27', 'www.tjumdozdqqo.rot'),
(5, 'Schwartz', 'Carla', 79, 1.50, 'na', 'CA', 'ante@adipiscing.org', 0, '2012-03-16', 'www.ljncabtovpc.rdd'),
(6, 'Bond', 'Leno', 33, 1.55, 'na', 'US', 'semper.tellus.id@sem.co.uk', 0, '2012-03-21', 'www.hpscfutiyvc.ejq'),
(7, 'Noble', 'Georgia', 88, 1.90, 'af', 'ZA', 'mi.lacinia@nisiaodio.co.uk', 0, '2012-02-20', 'www.wrmunpywfqm.eqn'),
(8, 'Frederick', 'Bradley', 80, 1.87, 'na', 'US', 'dapibus.id.blandit@aptenttacitisociosqu.com', 0, '2012-03-28', 'www.vgjbwvfminn.eji'),
(9, 'Chambers', 'Aphrodite', 63, 1.30, 'eu', 'FR', 'mattis@venenatisvel.co.uk', 1, '2012-03-03', 'www.lbauoozywdk.nnm'),
(10, 'Schultz', 'Allegra', 90, 1.70, 'na', 'CA', 'Fusce.feugiat.Lorem@Duis.net', 1, '2012-05-03', 'www.itpfwatjnov.nix'),
(11, 'Garrett', 'Lillith', 20, 1.91, 'na', 'US', 'neque@mattisIntegereu.edu', 1, '2012-04-17', 'www.vvdijyvrvel.xcp'),
(12, 'Mcdaniel', 'Venus', 89, 1.53, 'af', 'ZW', 'ipsum.primis@interdumligula.edu', 1, '2012-02-12', 'www.owokbaidqxc.pkl'),
(13, 'Acevedo', 'Iola', 26, 1.94, 'af', 'NG', 'eros@fringillaornare.net', 1, '2012-03-05', 'www.rauhxxxijxz.nvk'),
(14, 'Kline', 'Ora', 47, 1.27, 'eu', 'UK', 'mauris.ipsum@dictum.edu', 0, '2012-03-10', 'www.cajlyiyttlp.erj'),
(15, 'George', 'Brian', 76, 1.72, 'eu', 'FR', 'nisi.Mauris.nulla@rutrumlorem.net', 0, '2012-01-29', 'www.stalfpqxzyy.ure'),
(16, 'Powers', 'Remedios', 76, 1.42, 'af', 'ZA', 'rutrum@magnisdisparturient.edu', 0, '2012-04-21', 'www.yqxxpwrhbkd.wwj'),
(17, 'Huff', 'Wade', 75, 1.92, 'eu', 'UK', 'sagittis@Fuscefermentum.edu', 0, '2012-02-15', 'www.csnddrzzblk.vlq'),
(18, 'Greene', 'Willow', 22, 1.93, 'eu', 'UK', 'dolor@sit.ca', 0, '2012-03-11', 'www.lqdmcnioern.gqx'),
(19, 'Smith', 'Ayanna', 34, 1.75, 'eu', 'FR', 'luctus@ornare.ca', 0, '2012-03-31', 'www.xzsbrgihdeu.jxi'),
(20, 'Alston', 'Megan', 26, 1.60, 'na', 'US', 'amet.luctus@eu.co.uk', 1, '2012-04-27', 'www.ohzsltbiccd.gtg'),
(21, 'Jordan', 'Prescott', 25, 1.86, 'af', 'NG', 'quis.massa.Mauris@metusIn.edu', 0, '2012-03-31', 'www.pfkrhnxatjj.xgz'),
(22, 'Guerrero', 'Karen', 18, 1.21, 'na', 'US', 'bibendum.ullamcorper@Nuncsollicitudin.com', 1, '2012-03-18', 'www.metfoccucmn.dtr'),
(23, 'Garrison', 'Desirae', 34, 1.62, 'af', 'NG', 'at.pretium@malesuadaaugueut.co.uk', 1, '2012-04-01', 'www.nyjplwtfoct.vta'),
(24, 'Wiggins', 'Hayfa', 40, 1.65, 'eu', 'FR', 'est.Nunc@velitegestas.edu', 1, '2012-04-08', 'www.quaewuzqvyh.dpu'),
(25, 'Barrera', 'Yasir', 79, 1.84, 'na', 'US', 'pellentesque.eget.dictum@consequatauctor.org', 0, '2012-04-05', 'www.okcjjjnzeok.alv'),
(26, 'Parsons', 'Raya', 78, 1.22, 'na', 'CA', 'risus.In.mi@lectusantedictum.ca', 0, '2012-02-26', 'www.hcemqpnckfz.fle'),
(27, 'Livingston', 'Charity', 25, 1.72, 'eu', 'FR', 'lectus.pede.ultrices@non.net', 1, '2012-03-10', 'www.nhwxnvdyarm.dkt'),
(28, 'Bauer', 'Baxter', 16, 1.33, 'eu', 'FR', 'tellus.eu.augue@Proinnonmassa.org', 0, '2012-02-25', 'www.lnglfspqmqr.myz'),
(29, 'Conner', 'Otto', 73, 1.47, 'eu', 'FR', 'Sed.malesuada.augue@duinecurna.co.uk', 1, '2012-02-12', 'www.ylnkbexadci.xna'),
(30, 'Lee', 'Tara', 47, 1.12, 'na', 'CA', 'Aliquam.vulputate.ullamcorper@auctor.ca', 0, '2012-05-02', 'www.llepommcnab.ydi'),
(31, 'Durham', 'Hannah', 44, 1.20, 'eu', 'UK', 'dapibus.quam.quis@dolorFusce.ca', 0, '2012-03-02', 'www.mddzeeyimfy.wla'),
(32, 'Kemp', 'Hanae', 83, 1.09, 'na', 'US', 'in.magna.Phasellus@nequeNullamut.org', 1, '2012-04-22', 'www.gjgsofpzfcp.ccp'),
(33, 'Mathews', 'Alana', 18, 1.73, 'na', 'US', 'orci.consectetuer.euismod@rutrumFuscedolor.org', 0, '2012-02-26', 'www.gailcynfncr.pvb'),
(34, 'Bradshaw', 'Basia', 48, 1.51, 'af', 'ZA', 'viverra.Maecenas.iaculis@liberomauris.net', 1, '2012-04-29', 'www.ziwnlocgpft.btw'),
(35, 'Larsen', 'Isabelle', 90, 1.80, 'na', 'US', 'scelerisque.scelerisque.dui@semmollis.com', 1, '2012-04-13', 'www.ijgyozzivnz.via'),
(36, 'Hatfield', 'Kennan', 30, 1.32, 'na', 'US', 'dictum.cursus@fringilla.edu', 1, '2012-02-05', 'www.qcbmpbhycre.hbm'),
(37, 'Clemons', 'Cruz', 28, 1.39, 'eu', 'BE', 'conubia@molestieorci.net', 0, '2012-02-12', 'www.iadksirtuwv.zet'),
(38, 'Beasley', 'Dara', 31, 1.57, 'eu', 'UK', 'eu.placerat@in.com', 1, '2012-03-20', 'www.xwpstlryftm.lig'),
(39, 'Vang', 'Rana', 46, 1.80, 'na', 'CA', 'consectetuer.rhoncus.Nullam@justo.edu', 0, '2012-02-15', 'www.ttazmmkvtir.ees'),
(40, 'Duncan', 'Jamal', 28, 1.67, 'eu', 'FR', 'ac.eleifend.vitae@fringillamilacinia.org', 0, '2012-03-04', 'www.hthbbyfgrml.wce'),
(41, 'Newton', 'Callie', 24, 1.23, 'eu', 'UK', 'sem@necluctus.com', 1, '2012-02-26', 'www.llycykzaoqn.sxw'),
(42, 'Delgado', 'Cassady', 46, 1.57, 'eu', 'BE', 'vitae.dolor@hendrerit.com', 0, '2012-03-09', 'www.zffovshtpng.aaa'),
(43, 'Craig', 'Eugenia', 40, 1.10, 'eu', 'FR', 'euismod.est.arcu@Aeneanmassa.com', 0, '2012-02-19', 'www.wodmbkmbkrr.tws'),
(44, 'Fuentes', 'Hasad', 40, 1.82, 'eu', 'BE', 'lobortis.mauris.Suspendisse@fringilla.co.uk', 0, '2012-04-27', 'www.flhpczjzrrd.amj'),
(45, 'Sargent', 'Vincent', 68, 1.30, 'na', 'US', 'eu.turpis@arcu.edu', 0, '2012-04-24', 'www.rjkjaojnxex.qoz'),
(46, 'Baird', 'Tyrone', 41, 1.78, 'af', 'NG', 'malesuada.fringilla@et.net', 0, '2012-04-06', 'www.lcpjhmzvlaf.vtc'),
(47, 'Cochran', 'Odette', 85, 1.71, 'na', 'US', 'mauris.sagittis@Inmi.co.uk', 1, '2012-04-23', 'www.swuexzzqcem.axp'),
(48, 'Nixon', 'Gwendolyn', 45, 1.30, 'eu', 'FR', 'sed@aliquetodioEtiam.edu', 1, '2012-02-25', 'www.ucmwgyxeoou.yyv'),
(49, 'Sexton', 'Blossom', 66, 1.21, 'na', 'US', 'Nunc@sociisnatoquepenatibus.ca', 0, '2012-04-20', 'www.qlfeaacyvyl.nfp'),
(50, 'Mckinney', 'Charde', 83, 1.71, 'af', 'ZA', 'diam@quistristique.com', 1, '2012-03-01', 'www.jknfjztooic.lcf'),
(51, 'Prince', 'Yetta', 80, 1.38, 'eu', 'FR', 'Phasellus.in@morbitristique.org', 1, '2012-02-15', 'www.bdmpmpbpuuo.qej'),
(52, 'Sheppard', 'Steven', 68, 1.10, 'eu', 'UK', 'nulla.In@libero.com', 1, '2012-05-02', 'www.qjfkeubidxs.wbv'),
(53, 'Wiggins', 'Hanna', 71, 1.00, 'eu', 'FR', 'vel.pede@pretiumetrutrum.edu', 1, '2012-02-22', 'www.jfhndzjeuiu.ojv'),
(54, 'Hancock', 'Barry', 47, 1.83, 'af', 'ZA', 'mollis.Phasellus@tellus.ca', 0, '2012-03-09', 'www.tyloggcqcmr.njb'),
(55, 'Leblanc', 'Lars', 52, 1.22, 'na', 'US', 'Phasellus.nulla@Quisqueimperdiet.org', 1, '2012-03-02', 'www.bondaerkgeq.smy'),
(56, 'Baker', 'Portia', 88, 1.89, 'eu', 'UK', 'facilisi@eu.org', 0, '2012-03-17', 'www.aargfizrgan.fym'),
(57, 'Calderon', 'Harding', 57, 1.15, 'eu', 'FR', 'Fusce@congue.com', 0, '2012-03-14', 'www.afchgpmecqj.qtx'),
(58, 'Aguirre', 'Jonas', 72, 1.78, 'af', 'NG', 'a.ultricies@dolor.edu', 0, '2012-04-22', 'www.grpihyzbwzh.qud'),
(59, 'Turner', 'Ivana', 79, 1.94, 'na', 'US', 'massa.Quisque.porttitor@Sedauctor.ca', 1, '2012-04-30', 'www.kqagqhwklub.huo'),
(60, 'Armstrong', 'Regina', 75, 1.88, 'na', 'US', 'consequat@sapienimperdietornare.org', 1, '2012-02-09', 'www.oiyzcagwoht.jep'),
(61, 'Guzman', 'Ariana', 33, 1.88, 'na', 'US', 'condimentum@intempuseu.com', 1, '2012-04-21', 'www.fovtvocaemm.kih'),
(62, 'Fox', 'Alisa', 75, 1.53, 'eu', 'FR', 'lacus.Quisque.purus@dapibusidblandit.net', 1, '2012-04-23', 'www.cxugkgqsoyd.jmn'),
(63, 'Wells', 'Ayanna', 86, 1.22, 'eu', 'FR', 'Nunc.sollicitudin@loremsemper.com', 1, '2012-04-20', 'www.lvlaupjhdit.bpa'),
(64, 'Wagner', 'Ayanna', 40, 1.51, 'af', 'NG', 'sed.consequat@Aliquamtinciduntnunc.net', 1, '2012-03-29', 'www.nduqlosboqn.xfs'),
(65, 'Vazquez', 'Denton', 56, 1.68, 'af', 'NG', 'sed.dolor.Fusce@Curabituregestas.edu', 0, '2012-03-25', 'www.cwdrmrosjmv.xcs'),
(66, 'Rodriguez', 'Margaret', 37, 1.37, 'eu', 'FR', 'tincidunt.neque.vitae@nullaIntegervulputate.edu', 0, '2012-02-01', 'www.oqbxcxueppy.xyt'),
(67, 'Oneal', 'Simon', 36, 1.67, 'eu', 'FR', 'interdum.Curabitur.dictum@dolorQuisquetincidunt.edu', 1, '2012-03-23', 'www.yxcnmblludu.bvo'),
(68, 'Hayes', 'Kelly', 30, 1.49, 'eu', 'NL', 'erat@consequatpurusMaecenas.co.uk', 0, '2012-04-01', 'www.fixzlsbggln.mwm'),
(69, 'Gutierrez', 'Branden', 63, 1.88, 'af', 'NG', 'suscipit.est@dignissim.ca', 1, '2012-03-25', 'www.bqaicnuzaea.qax'),
(70, 'Mendoza', 'Lawrence', 75, 1.79, 'eu', 'UK', 'Praesent@quam.co.uk', 0, '2012-05-02', 'www.othpyhgyfwf.ape'),
(71, 'Salinas', 'Emerald', 31, 1.59, 'eu', 'NL', 'suscipit.nonummy.Fusce@Sedidrisus.net', 1, '2012-02-05', 'www.obrtxxumcpc.iea'),
(72, 'Lloyd', 'Aidan', 87, 1.04, 'na', 'US', 'ipsum@ipsumprimis.ca', 0, '2012-03-27', 'www.qltsavbfwpf.vqq'),
(73, 'Duran', 'Neil', 24, 1.36, 'na', 'US', 'odio@risusQuisquelibero.edu', 1, '2012-04-10', 'www.tcaprflivsq.zbg'),
(74, 'Mcintosh', 'Candice', 44, 1.53, 'eu', 'FR', 'nibh.sit.amet@ipsumSuspendissenon.edu', 0, '2012-04-29', 'www.dnszgjzhpov.zcd'),
(75, 'Spencer', 'Galena', 23, 1.58, 'eu', 'BE', 'libero@in.ca', 1, '2012-03-10', 'www.dpvtdqtgupw.xfr'),
(76, 'Goodman', 'Ima', 17, 1.98, 'eu', 'FR', 'Nam@atrisusNunc.org', 1, '2012-03-08', 'www.offivbfasor.tnn'),
(77, 'Rios', 'Adam', 17, 1.49, 'eu', 'FR', 'lectus.quis@elit.net', 0, '2012-04-12', 'www.uzbnothcgbc.hnb'),
(78, 'Mccormick', 'Mallory', 61, 1.46, 'af', 'NG', 'diam.Pellentesque@lectusconvallis.ca', 1, '2012-03-27', 'www.fwcmyetlgig.wuv'),
(79, 'Delgado', 'Geoffrey', 89, 1.24, 'af', 'ZA', 'turpis.nec.mauris@scelerisquemollis.edu', 0, '2012-04-10', 'www.ftwlcdixyob.ytm'),
(80, 'Bentley', 'Aretha', 59, 1.54, 'na', 'US', 'Nullam@justo.net', 0, '2012-04-30', 'www.bdcareylqax.goj'),
(81, 'Guerra', 'Zephr', 78, 1.47, 'af', 'NG', 'justo.sit.amet@accumsannequeet.ca', 1, '2012-03-14', 'www.coctpzzdiid.evy'),
(82, 'Cameron', 'Shad', 17, 1.70, 'na', 'US', 'in.cursus@dignissimpharetraNam.ca', 0, '2012-03-21', 'www.solbxofsmjc.nbd'),
(83, 'Atkinson', 'Wang', 34, 1.03, 'na', 'US', 'nec.urna.suscipit@ligulaAeneangravida.com', 1, '2012-03-01', 'www.xmkkwmyyqyi.xaq'),
(84, 'Bryant', 'Zorita', 49, 1.27, 'eu', 'UK', 'pellentesque@dolorelit.ca', 0, '2012-02-03', 'www.xljojrlkiok.uve'),
(85, 'Clemons', 'Sonya', 53, 1.15, 'eu', 'BE', 'eget.ipsum@mauriserat.com', 1, '2012-03-04', 'www.ltduiopestc.fyq'),
(86, 'Evans', 'Alan', 87, 1.63, 'na', 'CA', 'feugiat.non@ettristiquepellentesque.net', 0, '2012-04-03', 'www.iihabjgaana.yei'),
(87, 'French', 'Marshall', 16, 1.62, 'eu', 'FR', 'lobortis.quam.a@orciDonecnibh.org', 1, '2012-02-20', 'www.mqzmdaliitq.jkw'),
(88, 'Witt', 'Mercedes', 74, 1.57, 'na', 'CA', 'mollis@vestibulum.com', 0, '2012-02-20', 'www.asrjlisverq.ygj'),
(89, 'Newton', 'Barrett', 85, 1.08, 'eu', 'UK', 'Cras@telluslorem.ca', 1, '2012-03-15', 'www.diqiahhgqyh.oad'),
(90, 'Morrow', 'Palmer', 27, 1.89, 'af', 'ZA', 'dignissim@nuncsit.edu', 0, '2012-04-05', 'www.dhqugxigbzp.fun'),
(91, 'Wong', 'Marcia', 83, 1.59, 'na', 'US', 'leo@acmattisvelit.org', 0, '2012-01-29', 'www.vsgxsvdmjch.hqh'),
(92, 'Crawford', 'Sade', 71, 1.56, 'eu', 'BE', 'quis.diam@mus.edu', 0, '2012-02-03', 'www.mhnwjudabjy.uxp'),
(93, 'Berg', 'Calvin', 72, 1.26, 'eu', 'NL', 'ornare.lectus.justo@egetvolutpatornare.com', 0, '2012-02-26', 'www.cigereypuar.ngi'),
(94, 'Tran', 'Abraham', 32, 1.61, 'na', 'CA', 'vel@vestibulumneque.co.uk', 0, '2012-02-25', 'www.pvrkvixcrvc.xmg'),
(95, 'Mcknight', 'Nero', 77, 1.09, 'eu', 'NL', 'eu.eros@nonarcu.ca', 0, '2012-03-27', 'www.lkjcgmattpb.osz'),
(96, 'Klein', 'Colin', 78, 1.41, 'af', 'NG', 'Aliquam@vitae.com', 0, '2012-02-08', 'www.yearubgnbtp.wes'),
(97, 'Navarro', 'Illana', 56, 1.76, 'eu', 'UK', 'Duis.mi.enim@ametconsectetuer.co.uk', 0, '2012-04-20', 'www.wguxzjudclu.qgl'),
(98, 'Mccoy', 'Fallon', 32, 1.35, 'af', 'ZA', 'In.ornare.sagittis@eu.org', 0, '2012-04-22', 'www.vejxqdnxpcm.vnb'),
(99, 'Hughes', 'Minerva', 72, 1.54, 'eu', 'UK', 'nonummy.ipsum.non@in.edu', 1, '2012-04-17', 'www.jnqzqcudegy.yul'),
(100, 'Munoz', 'Harrison', 84, 1.72, 'eu', 'FR', 'eu.ultrices@nisiAenean.org', 0, '2012-03-15', 'www.fhhjngiiszn.pts'),
(101, 'Wilcox', 'Sean', 48, 1.92, 'eu', 'FR', 'mauris.sagittis.placerat@dictum.co.uk', 1, '2012-05-04', 'www.jfdbfqrzjqi.uqp'),
(102, 'Stevens', 'Chloe', 74, 1.65, 'eu', 'UK', 'dolor@ultriciesdignissimlacus.edu', 0, '2012-03-14', 'www.zrcjilezaan.vsc'),
(103, 'Robinson', 'Gwendolyn', 29, 1.48, 'na', 'US', 'arcu.Nunc@augue.ca', 0, '2012-03-11', 'www.aukavyvoaqe.fbb'),
(104, 'Leon', 'Tana', 69, 1.24, 'na', 'CA', 'justo.faucibus.lectus@et.org', 0, '2012-04-16', 'www.ehpextkyuyx.meh'),
(105, 'Mccarthy', 'Stephen', 24, 1.98, 'na', 'US', 'interdum@variusultrices.edu', 0, '2012-04-08', 'www.oofjmcvrklb.nkx'),
(106, 'Taylor', 'Jarrod', 53, 1.64, 'eu', 'FR', 'auctor.quis.tristique@miac.net', 0, '2012-02-17', 'www.aorkzsykqvp.dmb'),
(107, 'Morris', 'Harriet', 24, 1.35, 'na', 'US', 'eleifend@euismodestarcu.co.uk', 1, '2012-04-29', 'www.luebqtecvvs.yfh'),
(108, 'Crosby', 'Chloe', 70, 1.96, 'af', 'NG', 'nascetur.ridiculus.mus@Vivamusnonlorem.org', 1, '2012-01-30', 'www.xoqskjqpqwd.jvv'),
(109, 'Lynch', 'Lev', 15, 1.71, 'na', 'US', 'amet@eu.com', 0, '2012-03-04', 'www.bzcsvfcraqy.ajb'),
(110, 'Howard', 'Lars', 50, 1.00, 'eu', 'FR', 'eros.nec@massa.edu', 0, '2012-04-15', 'www.qctrsrsbsei.ffk'),
(111, 'Davis', 'Raya', 62, 1.72, 'af', 'ZA', 'mus.Aenean.eget@nonmagnaNam.com', 1, '2012-04-20', 'www.gaszfbeklkh.cdn'),
(112, 'Jennings', 'Abigail', 70, 1.79, 'eu', 'FR', 'lacinia@Duis.ca', 1, '2012-04-22', 'www.buynefqitct.mus'),
(113, 'Paul', 'Christopher', 57, 1.63, 'eu', 'FR', 'Cras.lorem@ridiculusmusProin.net', 0, '2012-04-18', 'www.oklhmethxmj.let'),
(114, 'Palmer', 'Jennifer', 21, 1.55, 'eu', 'UK', 'facilisis@Suspendissesagittis.edu', 1, '2012-03-19', 'www.yydvknhphzg.jow'),
(115, 'Bates', 'Nathan', 90, 1.62, 'eu', 'BE', 'sociis.natoque@tristiquenequevenenatis.org', 0, '2012-02-12', 'www.eqxlqevebwm.ams'),
(116, 'Franks', 'Dieter', 24, 1.80, 'na', 'CA', 'risus@estmollisnon.co.uk', 0, '2012-02-21', 'www.htoiqbjctrg.xmi'),
(117, 'Gray', 'Declan', 33, 1.53, 'eu', 'NL', 'Nullam@elitfermentumrisus.co.uk', 0, '2012-04-17', 'www.whnpztnlbwo.hkx'),
(118, 'Hutchinson', 'Fatima', 90, 1.41, 'af', 'NG', 'Ut.nec@temporloremeget.ca', 1, '2012-02-25', 'www.qdfrzuzjrlz.rxd'),
(119, 'Sosa', 'Felicia', 39, 1.95, 'na', 'US', 'enim@odio.edu', 0, '2012-02-03', 'www.gcpxnoplrlb.akq'),
(120, 'Macias', 'Karyn', 75, 1.01, 'na', 'CA', 'lacus@mauriserat.net', 0, '2012-03-15', 'www.ikmzwnzhdoz.yqd'),
(121, 'Hobbs', 'Jada', 75, 1.35, 'af', 'ZA', 'orci.Ut.semper@ipsumleo.net', 0, '2012-02-18', 'www.rsmvgmtxqfo.kob'),
(122, 'Walter', 'Forrest', 79, 1.44, 'af', 'NG', 'ac@molestiearcu.edu', 1, '2012-04-05', 'www.aurqzgbohzs.ekc'),
(123, 'Collins', 'Angela', 63, 1.89, 'na', 'US', 'nisi@euismodacfermentum.edu', 1, '2012-04-14', 'www.ffhmfaqpcvb.tsz'),
(124, 'Steele', 'Yeo', 19, 1.87, 'eu', 'BE', 'vulputate@nunc.org', 0, '2012-04-24', 'www.obzrxbkqahp.ccj'),
(125, 'Booth', 'Risa', 23, 1.51, 'eu', 'FR', 'arcu.vel@Suspendissealiquet.org', 0, '2012-02-02', 'www.nuxocmrewtb.zhg'),
(126, 'Shepherd', 'Gretchen', 33, 1.26, 'na', 'CA', 'Proin.ultrices@eleifendnuncrisus.org', 1, '2012-04-03', 'www.yccuveudkqt.rvk'),
(127, 'Stevens', 'Heidi', 88, 1.26, 'eu', 'UK', 'risus@sapienmolestieorci.net', 1, '2012-02-17', 'www.lptwfnnbxkr.wqh'),
(128, 'Pugh', 'Kathleen', 60, 1.81, 'eu', 'UK', 'fringilla.Donec@eu.co.uk', 0, '2012-02-03', 'www.wnkuybrojkh.zhk'),
(129, 'Warren', 'Noelani', 77, 1.14, 'eu', 'UK', 'at@etrutrumnon.org', 1, '2012-04-07', 'www.rbjamqztbyp.wcb'),
(130, 'Schmidt', 'Hollee', 34, 1.78, 'eu', 'BE', 'molestie@luctus.com', 1, '2012-03-05', 'www.ffhgewdgyyx.fqt'),
(131, 'Chase', 'Melanie', 87, 1.97, 'eu', 'NL', 'feugiat.Sed.nec@Mauris.edu', 0, '2012-04-15', 'www.adpzcmetgjo.fih'),
(132, 'Nolan', 'Kamal', 58, 1.57, 'eu', 'UK', 'luctus.ut.pellentesque@Proin.com', 0, '2012-04-19', 'www.xkwetkjbrai.goa'),
(133, 'Bryant', 'Colby', 48, 1.32, 'af', 'ZA', 'diam@ullamcorperDuis.ca', 0, '2012-04-18', 'www.kwicxqjmrmo.cuu'),
(134, 'Summers', 'Erich', 80, 1.17, 'na', 'CA', 'sit.amet@laciniaorci.ca', 0, '2012-03-28', 'www.ixvzjkcdezh.bdb'),
(135, 'Sullivan', 'Rogan', 62, 1.70, 'af', 'ZA', 'malesuada.fames@pharetraQuisqueac.co.uk', 0, '2012-03-28', 'www.tyfxynybovk.epl'),
(136, 'Johns', 'Reuben', 57, 1.91, 'na', 'CA', 'ipsum.Suspendisse.non@leoelementumsem.co.uk', 1, '2012-02-20', 'www.rvwgrhkgtxp.hvt'),
(137, 'Lewis', 'Charity', 24, 1.97, 'eu', 'FR', 'et.commodo@metusVivamus.edu', 0, '2012-03-07', 'www.qomjlcrgwfu.zco'),
(138, 'Duncan', 'Quail', 48, 1.38, 'eu', 'UK', 'laoreet.lectus@senectus.net', 1, '2012-02-26', 'www.ylzuqtutiap.ulk'),
(139, 'Banks', 'Sandra', 27, 1.95, 'na', 'US', 'ut.dolor.dapibus@famesacturpis.net', 1, '2012-02-27', 'www.qmgynwtyhtw.ltl'),
(140, 'Buckner', 'Giacomo', 62, 1.83, 'na', 'US', 'rutrum.magna.Cras@at.co.uk', 1, '2012-04-05', 'www.asphmltfwwk.mtu'),
(141, 'Abbott', 'Leslie', 78, 1.67, 'eu', 'BE', 'eget.venenatis.a@arcuVestibulum.edu', 1, '2012-03-19', 'www.zvbwrlilfie.bax'),
(142, 'Harmon', 'Kenyon', 56, 1.08, 'af', 'NG', 'lacinia.orci@a.ca', 1, '2012-03-22', 'www.wxgcglegjon.xqk'),
(143, 'Padilla', 'Nasim', 88, 1.87, 'na', 'US', 'ornare@nonbibendumsed.org', 0, '2012-02-17', 'www.wqjfexcvivd.hrw'),
(144, 'Huff', 'Inga', 76, 1.13, 'na', 'US', 'a.ultricies.adipiscing@Proin.edu', 0, '2012-03-09', 'www.afhiakprgbi.bgs'),
(145, 'Bridges', 'Camilla', 51, 1.53, 'eu', 'NL', 'neque.pellentesque.massa@nec.edu', 0, '2012-03-15', 'www.nqausjvybxl.nlt'),
(146, 'Randolph', 'Demetria', 32, 1.57, 'eu', 'NL', 'diam.Duis@dignissim.edu', 1, '2012-02-15', 'www.yxuzvgnhagv.gwo'),
(147, 'Mckay', 'Zephr', 38, 1.38, 'na', 'CA', 'lectus.quis.massa@ac.org', 1, '2012-03-18', 'www.zxfzebfapva.xew'),
(148, 'Brooks', 'Hamish', 29, 1.49, 'eu', 'NL', 'cubilia@vitaesodalesnisi.net', 1, '2012-01-29', 'www.nxxcsyaxudc.aqb'),
(149, 'Blevins', 'Burton', 25, 1.20, 'na', 'CA', 'mi.Duis.risus@musAenean.edu', 0, '2012-03-24', 'www.pcakgckwemy.hsy'),
(150, 'Orr', 'Ulla', 37, 1.49, 'eu', 'NL', 'Morbi.vehicula@lacus.net', 0, '2012-04-16', 'www.tcdypcghayg.iif'),
(151, 'Reyes', 'Lysandra', 84, 1.06, 'af', 'NG', 'auctor.velit.Aliquam@dictummiac.ca', 0, '2012-02-28', 'www.awrauxidccx.ado'),
(152, 'Browning', 'Ivor', 19, 1.79, 'eu', 'NL', 'turpis.In.condimentum@vulputate.net', 1, '2012-02-19', 'www.lbandxohlrn.nkm'),
(153, 'Baldwin', 'Vincent', 48, 1.03, 'eu', 'FR', 'Curabitur@Fusce.co.uk', 0, '2012-02-18', 'www.dnnpfacpmda.yej'),
(154, 'Battle', 'Aladdin', 39, 1.65, 'af', 'NG', 'quis@libero.edu', 0, '2012-03-07', 'www.qdwdhxblgcm.ota'),
(155, 'Brock', 'Rinah', 79, 1.90, 'na', 'US', 'mauris.ut@volutpatNulladignissim.edu', 0, '2012-03-06', 'www.gdqngcbadex.zdx'),
(156, 'Morton', 'Hakeem', 53, 1.25, 'af', 'NG', 'Quisque@milacinia.ca', 1, '2012-04-12', 'www.xpsatqaxoqc.bwp'),
(157, 'Parks', 'Mariko', 82, 1.50, 'eu', 'FR', 'adipiscing.elit.Etiam@massaMaurisvestibulum.net', 1, '2012-03-31', 'www.bvmpmorjejd.bye'),
(158, 'Albert', 'Rhea', 44, 1.95, 'af', 'NG', 'Aenean.eget.metus@sed.net', 1, '2012-05-01', 'www.zjdeshfqlgn.vec'),
(159, 'Potts', 'Gil', 43, 1.60, 'eu', 'FR', 'vestibulum.Mauris@necluctus.net', 0, '2012-04-19', 'www.uytffgajjun.tkp'),
(160, 'Morgan', 'Illana', 40, 1.89, 'na', 'US', 'tellus.id.nunc@etmagnaPraesent.co.uk', 0, '2012-03-01', 'www.wakfuyzfopw.xmu'),
(161, 'Hyde', 'Celeste', 19, 1.61, 'na', 'US', 'sem@euenimEtiam.ca', 1, '2012-02-20', 'www.opvcfrzrllf.maj'),
(162, 'Summers', 'Donovan', 67, 1.02, 'af', 'ZA', 'Nullam@aliquet.org', 0, '2012-02-15', 'www.vkbgvgtwpqa.hqf'),
(163, 'David', 'Haley', 34, 1.21, 'eu', 'FR', 'egestas@duinec.org', 0, '2012-02-20', 'www.mdectejkjpa.qwe'),
(164, 'Raymond', 'Quamar', 35, 1.56, 'af', 'ZA', 'eu.tellus.Phasellus@enimMauris.net', 0, '2012-04-01', 'www.ictssuiozcx.grn'),
(165, 'Clarke', 'Talon', 70, 1.93, 'eu', 'FR', 'interdum.Curabitur.dictum@scelerisquedui.co.uk', 0, '2012-03-23', 'www.nfrnhptycxi.vwt'),
(166, 'Sears', 'Karyn', 34, 1.57, 'na', 'CA', 'sagittis@maurisInteger.ca', 1, '2012-04-22', 'www.ojrqhamdthw.zvo'),
(167, 'Ellis', 'Clinton', 85, 1.12, 'eu', 'FR', 'blandit.mattis.Cras@ametrisusDonec.com', 0, '2012-03-31', 'www.nqegyagupnw.nrc'),
(168, 'Christensen', 'Jane', 62, 1.92, 'eu', 'FR', 'lobortis@Vivamusnisi.ca', 0, '2012-04-01', 'www.kwdakanbdss.tra'),
(169, 'Branch', 'Isadora', 18, 1.56, 'na', 'US', 'eget.nisi.dictum@duiFusce.ca', 1, '2012-03-04', 'www.zcbcuuvluyd.vnu'),
(170, 'Farley', 'Aimee', 19, 1.82, 'na', 'US', 'ad.litora.torquent@tincidunt.org', 1, '2012-04-24', 'www.meghdjcqekb.ggh'),
(171, 'George', 'Shoshana', 62, 1.87, 'na', 'US', 'ac.arcu.Nunc@Sed.ca', 0, '2012-03-01', 'www.mrbrbdxikgg.acz'),
(172, 'Price', 'Nissim', 21, 1.18, 'na', 'CA', 'non.hendrerit@facilisisnon.com', 1, '2012-02-04', 'www.oexykdzndsv.fwq'),
(173, 'Gamble', 'Brian', 29, 1.40, 'na', 'US', 'enim@fringillaDonec.edu', 1, '2012-03-08', 'www.hclkvhqsxyt.clu'),
(174, 'Walters', 'Roanna', 23, 1.74, 'na', 'US', 'montes.nascetur@vulputatenisisem.co.uk', 1, '2012-04-18', 'www.eonbngdybcv.ewh'),
(175, 'Hester', 'Natalie', 80, 1.34, 'na', 'US', 'eget.mollis.lectus@Nullamvelitdui.co.uk', 0, '2012-04-24', 'www.pcdrfzvbggw.coh'),
(176, 'Watts', 'Zephr', 49, 1.36, 'na', 'US', 'libero.at.auctor@nonarcuVivamus.co.uk', 1, '2012-05-02', 'www.bubiaylofjo.rrg'),
(177, 'Cline', 'Meredith', 25, 1.66, 'na', 'US', 'Lorem.ipsum.dolor@acturpisegestas.com', 1, '2012-02-13', 'www.utiadxsvdxq.gph'),
(178, 'Hodges', 'Hanna', 62, 1.33, 'eu', 'NL', 'libero.Morbi.accumsan@ante.co.uk', 0, '2012-01-25', 'www.bqdfntmcaxs.qfc'),
(179, 'Fleming', 'Ross', 50, 1.74, 'eu', 'FR', 'vestibulum.massa@molestietellus.com', 0, '2012-03-11', 'www.grehpxxuzfe.lyp'),
(180, 'English', 'Veda', 22, 1.10, 'eu', 'FR', 'enim.consequat@sagittisNullamvitae.org', 0, '2012-02-21', 'www.qjgqokbnzim.cno'),
(181, 'Bruce', 'Bryar', 61, 1.14, 'na', 'CA', 'massa.Integer.vitae@Namconsequat.net', 0, '2012-05-01', 'www.nvqnecpsrsf.hxq'),
(182, 'Summers', 'Chastity', 17, 1.00, 'eu', 'FR', 'nisl.Quisque@NullafacilisiSed.edu', 0, '2012-02-01', 'www.iqwzjbhgseu.tew'),
(183, 'George', 'Sophia', 68, 1.31, 'eu', 'BE', 'nec.tellus.Nunc@ridiculusmus.com', 1, '2012-03-06', 'www.soblsvexsnv.kwz'),
(184, 'Branch', 'Clayton', 55, 1.23, 'na', 'CA', 'lacus@at.org', 1, '2012-04-17', 'www.aqvseqdaqgc.enl'),
(185, 'Griffith', 'Dai', 54, 1.25, 'af', 'ZW', 'lacus.Quisque@sed.net', 0, '2012-04-29', 'www.bxlrdovrzff.nlu'),
(186, 'Vang', 'Marshall', 67, 1.64, 'af', 'ZW', 'vel.mauris.Integer@lorem.ca', 0, '2012-02-20', 'www.xmzxsfkdzik.rzw'),
(187, 'Steele', 'Ann', 51, 1.79, 'af', 'ZW', 'nulla@Nulla.org', 1, '2012-03-08', 'www.ktbkbmcbiyn.usm'),
(188, 'Leonard', 'Veda', 89, 1.71, 'eu', 'FR', 'fringilla@mauris.co.uk', 0, '2012-03-02', 'www.radzyqurdiq.cct'),
(189, 'Simon', 'Bernard', 88, 1.55, 'na', 'US', 'nonummy.Fusce.fermentum@lacusUtnec.com', 1, '2012-03-20', 'www.rapuifxlytm.yga'),
(190, 'Stewart', 'Iris', 51, 1.01, 'eu', 'UK', 'Cras@necmetus.com', 1, '2012-03-28', 'www.zfeyyqwfrtw.dub'),
(191, 'Gray', 'Herrod', 38, 1.31, 'af', 'ZA', 'orci.lacus.vestibulum@ullamcorper.ca', 0, '2012-03-17', 'www.pmjggfkbhtg.pck'),
(192, 'Butler', 'Philip', 67, 1.84, 'na', 'CA', 'luctus.aliquet@turpis.edu', 0, '2012-04-04', 'www.ykogevvgfyp.xva'),
(193, 'Dunlap', 'Geraldine', 24, 1.60, 'af', 'ZA', 'quis.massa.Mauris@egestas.ca', 0, '2012-04-29', 'www.bmsglidgjkw.mcy'),
(194, 'Morse', 'Abbot', 25, 1.00, 'eu', 'FR', 'luctus.ut@nuncsedpede.ca', 0, '2012-03-28', 'www.qqoablmdjdd.neg'),
(195, 'Mclean', 'Yvette', 28, 1.82, 'eu', 'UK', 'nulla.In@metusIn.net', 1, '2012-02-24', 'www.ngqxjuloaao.fxv'),
(196, 'Deleon', 'Lee', 77, 1.37, 'na', 'CA', 'cursus.vestibulum.Mauris@Duiselementumdui.org', 0, '2012-03-28', 'www.gxvhyjnvftp.adj'),
(197, 'David', 'Kirk', 49, 1.64, 'af', 'NG', 'leo@vestibulumnec.org', 0, '2012-02-17', 'www.jyiosypvivc.tmo'),
(198, 'Bonner', 'Buckminster', 84, 1.76, 'eu', 'UK', 'Proin.vel@porttitorvulputate.co.uk', 0, '2012-02-20', 'www.wndeifyutaw.rto'),
(199, 'Merritt', 'Regan', 48, 1.49, 'af', 'ZA', 'ornare.sagittis@vel.net', 0, '2012-03-26', 'www.yqhsqekksag.eme'),
(200, 'Carroll', 'Shaine', 34, 1.23, 'na', 'US', 'Donec.nibh@arcu.com', 1, '2012-02-23', 'www.wpjpppubuxz.bei'),
(201, 'Allison', 'Castor', 44, 1.26, 'af', 'NG', 'pede.ac@velit.ca', 1, '2012-03-28', 'www.pkskirlmzlo.kse'),
(202, 'Lawrence', 'Ramona', 78, 1.55, 'af', 'NG', 'nisi.Aenean.eget@lacus.org', 1, '2012-02-19', 'www.ixbiipsbugy.qvn'),
(203, 'Russo', 'Nerea', 41, 1.69, 'na', 'CA', 'cursus.et.eros@Aliquam.com', 0, '2012-03-02', 'www.mxnhelxzzsu.iju'),
(204, 'Warner', 'Briar', 89, 1.81, 'eu', 'FR', 'amet.faucibus@fames.net', 0, '2012-02-06', 'www.nqkmievrzte.zqh'),
(205, 'William', 'Russell', 25, 1.26, 'af', 'NG', 'eleifend.nunc.risus@cursus.co.uk', 0, '2012-03-12', 'www.isbimghcogm.rnc'),
(206, 'Sherman', 'Paloma', 79, 1.11, 'eu', 'FR', 'Etiam.gravida.molestie@euismodacfermentum.co.uk', 0, '2012-01-26', 'www.fdotkakxdgt.zkx'),
(207, 'Vega', 'Solomon', 77, 1.22, 'eu', 'BE', 'quis@ametmetusAliquam.org', 0, '2012-03-30', 'www.xwhadaanyyx.tde'),
(208, 'Wheeler', 'Uriel', 75, 1.68, 'eu', 'BE', 'in.hendrerit.consectetuer@sitametdiam.ca', 1, '2012-02-13', 'www.hqkfpiztnyd.hoz'),
(209, 'Whitfield', 'Leslie', 76, 1.44, 'eu', 'FR', 'enim.gravida@Etiamlaoreetlibero.net', 0, '2012-01-26', 'www.csdqqgyfgxy.bjk'),
(210, 'Kidd', 'Helen', 35, 1.55, 'na', 'CA', 'vulputate.dui@anteNuncmauris.org', 0, '2012-03-13', 'www.viocfndoxqf.eeu'),
(211, 'Cline', 'Kyra', 84, 1.65, 'na', 'US', 'gravida.Praesent.eu@eutellus.com', 1, '2012-03-02', 'www.ykjwbobgjfz.hwn'),
(212, 'Jennings', 'Travis', 39, 1.75, 'na', 'US', 'pede@tempusscelerisque.co.uk', 1, '2012-03-08', 'www.byykdyralel.uxz'),
(213, 'Ware', 'Thor', 46, 1.61, 'af', 'ZA', 'Fusce.aliquet.magna@Phasellus.org', 0, '2012-01-27', 'www.oekaivugutq.fkv'),
(214, 'Gray', 'Jessamine', 88, 1.80, 'eu', 'BE', 'augue@in.com', 0, '2012-04-17', 'www.ozrjsipcdyu.ctv'),
(215, 'Hodge', 'Darius', 37, 1.75, 'af', 'NG', 'in.lobortis@gravidaPraesenteu.co.uk', 0, '2012-02-04', 'www.momqmhsgddj.kxw'),
(216, 'Huber', 'Glenna', 78, 1.49, 'af', 'ZW', 'pede@vitaeeratvel.ca', 0, '2012-05-03', 'www.agrdkaohwax.slw'),
(217, 'Hopper', 'Ivor', 39, 1.20, 'af', 'ZW', 'quis@Crasvulputate.ca', 1, '2012-03-31', 'www.vbesbbknxvs.gbt'),
(218, 'Ratliff', 'Brynn', 28, 1.13, 'na', 'US', 'Curabitur.egestas.nunc@felis.com', 0, '2012-02-27', 'www.zqpxmienbxa.gak'),
(219, 'Dominguez', 'Macey', 53, 1.98, 'na', 'CA', 'a.purus@sed.org', 1, '2012-03-30', 'www.hnailbomlvg.yvc'),
(220, 'Shelton', 'Kaye', 46, 1.53, 'eu', 'FR', 'lobortis.tellus@dapibusidblandit.co.uk', 0, '2012-02-21', 'www.onwaiczdfuw.qkf'),
(221, 'Freeman', 'Chanda', 68, 1.31, 'af', 'ZA', 'vitae.purus.gravida@diam.com', 0, '2012-03-06', 'www.wdobykripzw.ihz'),
(222, 'Warner', 'Vera', 25, 1.59, 'eu', 'FR', 'nunc.nulla@diamdictumsapien.net', 1, '2012-02-18', 'www.omyelvmtuks.yyr'),
(223, 'Nelson', 'Desiree', 33, 1.87, 'eu', 'UK', 'a.nunc.In@ipsumCurabiturconsequat.co.uk', 0, '2012-04-30', 'www.sldnwwmvndk.tae'),
(224, 'Burch', 'Bruce', 38, 1.69, 'af', 'ZA', 'mi.tempor@nascetur.org', 0, '2012-02-01', 'www.mwzaajtanwc.voc'),
(225, 'Sanford', 'Quentin', 71, 1.14, 'na', 'US', 'at.iaculis@nullaanteiaculis.ca', 1, '2012-03-13', 'www.xkulhwhvyce.sfo'),
(226, 'Mcknight', 'Hadley', 79, 1.51, 'af', 'ZW', 'augue.ut.lacus@Suspendisseacmetus.co.uk', 0, '2012-02-12', 'www.qdbpfghlvxb.rmg'),
(227, 'Moody', 'Donna', 81, 1.08, 'na', 'CA', 'Quisque.ornare@Phasellusdolorelit.org', 0, '2012-03-13', 'www.rummrndetts.qun'),
(228, 'Acevedo', 'Lilah', 31, 1.52, 'na', 'US', 'nec.euismod@cursusnon.org', 0, '2012-04-21', 'www.qplkieadsax.ypc'),
(229, 'Good', 'Liberty', 30, 1.81, 'eu', 'FR', 'feugiat@dolor.org', 0, '2012-04-25', 'www.zkqrknqaqzu.vwz'),
(230, 'Santos', 'Jaquelyn', 55, 1.48, 'eu', 'NL', 'at@pedeblanditcongue.net', 0, '2012-04-25', 'www.gjfwizsfynw.myr'),
(231, 'Hicks', 'Giselle', 61, 1.36, 'na', 'US', 'varius@fermentumfermentumarcu.net', 0, '2012-04-19', 'www.fkkexgrwybm.olc'),
(232, 'Morrow', 'Dustin', 74, 1.38, 'na', 'US', 'Aliquam@disparturientmontes.com', 1, '2012-03-18', 'www.xymwaykmbbp.vlm'),
(233, 'Neal', 'Hedwig', 27, 1.34, 'eu', 'UK', 'mollis.vitae@sit.edu', 0, '2012-02-02', 'www.bntcojyzvpq.axb'),
(234, 'Guerra', 'Suki', 20, 1.78, 'eu', 'FR', 'eu.arcu.Morbi@convallisestvitae.org', 0, '2012-04-15', 'www.vigqywrwxau.zvq'),
(235, 'Hayes', 'Myles', 53, 1.81, 'eu', 'FR', 'Mauris@sit.net', 0, '2012-04-15', 'www.jmahmvhilrq.ynt'),
(236, 'Nelson', 'Brooke', 84, 1.87, 'eu', 'NL', 'diam.vel@cursusdiam.net', 0, '2012-03-26', 'www.laiwryvfsms.qhl'),
(237, 'Suarez', 'Anthony', 65, 1.10, 'eu', 'BE', 'neque.non.quam@atauctorullamcorper.net', 1, '2012-03-28', 'www.gnvyzoohzli.qqk'),
(238, 'Hubbard', 'Raphael', 72, 1.61, 'af', 'NG', 'commodo.hendrerit.Donec@etultricesposuere.ca', 1, '2012-02-25', 'www.hcggooxezjn.taq'),
(239, 'Thornton', 'Bethany', 15, 1.93, 'af', 'ZW', 'dui.lectus@vitaevelit.net', 0, '2012-04-01', 'www.iqfizsbajym.jyw'),
(240, 'Pacheco', 'Sydnee', 15, 1.22, 'eu', 'UK', 'Aenean@acliberonec.co.uk', 1, '2012-03-06', 'www.bawlzjuxgmw.guc'),
(241, 'Sawyer', 'Dahlia', 35, 1.95, 'af', 'NG', 'vel.est.tempor@Namnulla.co.uk', 0, '2012-01-30', 'www.frkmegsyjon.qmb'),
(242, 'Jacobson', 'Zena', 20, 1.38, 'af', 'ZW', 'euismod.enim.Etiam@ornarelectusjusto.co.uk', 1, '2012-01-28', 'www.osxygkoslas.nkp'),
(243, 'Scott', 'Oprah', 88, 1.26, 'eu', 'NL', 'mauris.ut.mi@Donec.co.uk', 1, '2012-05-02', 'www.blgmmzaxovt.nck'),
(244, 'Gregory', 'Nina', 38, 1.58, 'af', 'ZW', 'sociis.natoque.penatibus@Loremipsum.edu', 1, '2012-04-14', 'www.zdvozobczlx.hau'),
(245, 'Medina', 'Kristen', 27, 1.78, 'af', 'ZA', 'orci@Aenean.ca', 0, '2012-02-02', 'www.srhrcfydzow.dis'),
(246, 'Eaton', 'Andrew', 64, 1.52, 'af', 'ZW', 'nunc.est.mollis@Duis.net', 0, '2012-05-02', 'www.etidhehqwoq.ndy'),
(247, 'Brock', 'Neve', 27, 1.05, 'eu', 'BE', 'venenatis@feugiatplacerat.co.uk', 1, '2012-04-03', 'www.ofgluxyywbt.aci'),
(248, 'Juarez', 'Adele', 70, 1.41, 'eu', 'FR', 'vestibulum.neque@maurisipsum.co.uk', 0, '2012-03-15', 'www.tuhpwbqzkdk.doo'),
(249, 'Mullen', 'Haley', 56, 1.02, 'eu', 'UK', 'risus@Nullatincidunt.net', 0, '2012-03-07', 'www.lljwpuzdjqt.xsb'),
(250, 'Beck', 'Lev', 75, 1.17, 'na', 'US', 'in@parturientmontesnascetur.org', 0, '2012-03-24', 'www.llkubesugub.bxt'),
(251, 'Whitney', 'Indigo', 42, 1.68, 'eu', 'UK', 'massa.Vestibulum@inconsectetueripsum.net', 0, '2012-04-04', 'www.clvifwjcqit.zyq'),
(252, 'Oconnor', 'Moses', 86, 1.27, 'af', 'ZW', 'consequat.purus@tristiquepharetra.org', 1, '2012-04-08', 'www.fwxwfrwehnl.gtg'),
(253, 'Palmer', 'Mollie', 26, 1.33, 'eu', 'FR', 'nec@sit.co.uk', 0, '2012-03-26', 'www.wuoeiakcgcx.kmf'),
(254, 'Acevedo', 'Baxter', 15, 1.06, 'eu', 'FR', 'amet.consectetuer@lectus.co.uk', 1, '2012-04-15', 'www.xjrdlooyuoz.upq'),
(255, 'Petty', 'Griffin', 24, 1.16, 'af', 'ZA', 'nisl.elementum@egestasrhoncusProin.edu', 0, '2012-02-17', 'www.vshpggkwxdb.ahr'),
(256, 'Walton', 'Fulton', 81, 1.89, 'na', 'US', 'Vivamus@Praesentinterdumligula.net', 0, '2012-04-04', 'www.vddsgetowss.snr'),
(257, 'Estes', 'Christen', 32, 1.76, 'af', 'NG', 'pede@tellus.net', 0, '2012-04-16', 'www.qnzmfsesjlg.pgy'),
(258, 'Wade', 'Dane', 72, 1.22, 'af', 'ZW', 'magnis@lectusjusto.net', 1, '2012-01-27', 'www.azjjlqzrpxu.idc'),
(259, 'Conley', 'Allistair', 68, 1.10, 'af', 'ZA', 'velit@id.com', 1, '2012-03-29', 'www.fehvccegejg.wmj'),
(260, 'Dejesus', 'Patience', 59, 1.49, 'na', 'US', 'molestie.orci@velitAliquamnisl.edu', 0, '2012-02-05', 'www.ughypoubxax.nmw'),
(261, 'Daniel', 'Alexandra', 32, 1.42, 'eu', 'UK', 'odio.vel@interdumNuncsollicitudin.org', 0, '2012-04-01', 'www.neikfgyscdd.iqj'),
(262, 'Carson', 'Gretchen', 30, 1.76, 'eu', 'FR', 'nibh.sit@quamCurabitur.co.uk', 1, '2012-05-03', 'www.xviazmjpvnf.bgw'),
(263, 'Snyder', 'Willow', 80, 1.23, 'eu', 'BE', 'tincidunt.adipiscing@orciconsectetuer.com', 0, '2012-04-27', 'www.eraafgbmdxl.aeu'),
(264, 'Figueroa', 'Amber', 89, 1.67, 'af', 'ZA', 'sem@elementumategestas.org', 0, '2012-04-02', 'www.hmrlkcloxta.wjt'),
(265, 'Downs', 'Judith', 30, 1.33, 'na', 'US', 'Cras.lorem.lorem@orciUt.net', 1, '2012-03-28', 'www.pdlmxljgepz.kai'),
(266, 'Pena', 'Tanisha', 68, 1.61, 'eu', 'FR', 'Aliquam@sagittislobortis.org', 0, '2012-02-04', 'www.xsscirmiafg.svj'),
(267, 'Blackwell', 'Ray', 20, 1.08, 'eu', 'FR', 'sed.leo.Cras@Donec.ca', 0, '2012-03-28', 'www.jaqkfxdbhek.jgf'),
(268, 'Burns', 'Channing', 72, 1.02, 'eu', 'BE', 'Phasellus.ornare.Fusce@sedest.ca', 1, '2012-04-16', 'www.itupyeyekbg.edl'),
(269, 'Stanley', 'Joel', 62, 1.08, 'af', 'NG', 'Nam.consequat@Vivamusmolestiedapibus.net', 1, '2012-02-15', 'www.oqwzscdwozc.fcx'),
(270, 'Ford', 'Ronan', 68, 1.85, 'af', 'NG', 'erat@cursusa.org', 0, '2012-03-24', 'www.gmdvmfaochx.uek'),
(271, 'Savage', 'Alisa', 37, 1.65, 'na', 'CA', 'In.ornare@id.com', 1, '2012-02-27', 'www.shevpbqumlg.udt'),
(272, 'Watts', 'Joseph', 49, 1.71, 'af', 'ZW', 'lacus.Quisque.imperdiet@gravida.ca', 1, '2012-04-22', 'www.cgporwiuqhb.cbf'),
(273, 'Butler', 'Rinah', 66, 1.39, 'eu', 'FR', 'risus.Nulla@aliquetnec.ca', 0, '2012-03-04', 'www.vydlgenhjre.bzd'),
(274, 'Small', 'Odessa', 66, 1.97, 'eu', 'FR', 'Aliquam.fringilla.cursus@massarutrum.com', 1, '2012-02-28', 'www.evxomcpmflh.xjc'),
(275, 'Wise', 'Jerry', 65, 1.60, 'eu', 'FR', 'auctor@Maurisvelturpis.co.uk', 0, '2012-03-16', 'www.hmrmyzkhcjn.tao'),
(276, 'Guy', 'Kimberley', 46, 1.54, 'af', 'NG', 'Donec.est.mauris@vestibulumMauris.ca', 0, '2012-03-18', 'www.oarqkekktud.djp'),
(277, 'Sims', 'Allen', 62, 1.28, 'na', 'US', 'tempor.augue@necdiam.co.uk', 1, '2012-02-08', 'www.mgjgankjcgk.tlf'),
(278, 'Fischer', 'Phillip', 22, 1.40, 'af', 'NG', 'Donec.vitae.erat@arcuiaculis.co.uk', 1, '2012-02-04', 'www.ujxxphqbmyk.pkm'),
(279, 'Marquez', 'Wynter', 46, 1.81, 'na', 'CA', 'accumsan.laoreet.ipsum@ornare.net', 1, '2012-01-31', 'www.yltljdauppu.aly'),
(280, 'Thornton', 'Hakeem', 53, 1.71, 'eu', 'FR', 'pharetra.ut@Proinegetodio.org', 0, '2012-01-28', 'www.glawauxlsuq.gou'),
(281, 'Lindsey', 'Elmo', 68, 1.18, 'eu', 'BE', 'scelerisque.scelerisque.dui@Proin.ca', 0, '2012-04-29', 'www.nnsgiinxdbb.wdv'),
(282, 'Clark', 'Erin', 31, 1.10, 'eu', 'NL', 'non.enim.commodo@vehiculaetrutrum.co.uk', 0, '2012-04-01', 'www.widzjewnaac.ffd'),
(283, 'Clarke', 'Lara', 61, 1.67, 'af', 'ZW', 'malesuada@Integervitaenibh.ca', 0, '2012-03-14', 'www.hkqhltnqxsj.nkd'),
(284, 'Hensley', 'Ray', 65, 1.83, 'af', 'ZA', 'nonummy@ipsum.edu', 1, '2012-03-09', 'www.oqimiszswkb.nfk'),
(285, 'Brewer', 'Kyle', 38, 1.40, 'af', 'ZW', 'placerat@tempusscelerisquelorem.net', 0, '2012-04-07', 'www.fsxbdypjjsp.req'),
(286, 'Foley', 'Yvonne', 84, 1.93, 'eu', 'UK', 'auctor.ullamcorper.nisl@nascetur.org', 0, '2012-02-26', 'www.qzsarirwyzw.wye'),
(287, 'Vazquez', 'McKenzie', 63, 1.43, 'eu', 'BE', 'rutrum@laoreetipsumCurabitur.edu', 0, '2012-03-07', 'www.fsiereaqiyl.zjt'),
(288, 'Gates', 'Tarik', 79, 1.25, 'af', 'NG', 'ante.bibendum.ullamcorper@risus.net', 1, '2012-02-09', 'www.lumusxtbrcl.njy'),
(289, 'Williams', 'Randall', 82, 1.27, 'eu', 'NL', 'erat.vitae@est.ca', 0, '2012-03-13', 'www.aicrlneumed.jlw'),
(290, 'Wilson', 'Jacob', 16, 1.03, 'na', 'CA', 'Suspendisse@vel.net', 1, '2012-04-30', 'www.sameepnpmnv.mpf'),
(291, 'Bullock', 'Macy', 43, 1.52, 'eu', 'BE', 'vitae.dolor@aultricies.com', 1, '2012-02-29', 'www.mvkziflxkor.ucz'),
(292, 'Thornton', 'Hanna', 60, 1.03, 'eu', 'FR', 'mauris@etmagnaPraesent.ca', 0, '2012-04-21', 'www.ubffpxaswxi.mzq'),
(293, 'Martinez', 'Mannix', 71, 1.40, 'eu', 'FR', 'sagittis@enim.net', 1, '2012-02-23', 'www.kskhpttojiw.ctx'),
(294, 'Mendoza', 'William', 75, 1.52, 'af', 'ZW', 'eu.nulla@libero.org', 1, '2012-04-18', 'www.sfiboeehbus.wiy'),
(295, 'Pennington', 'Summer', 63, 1.62, 'eu', 'FR', 'tellus.eu@turpisIn.ca', 1, '2012-02-28', 'www.xsfymyvvwnt.ndz'),
(296, 'Terry', 'Wanda', 89, 1.15, 'na', 'US', 'odio.Aliquam.vulputate@rutrum.edu', 1, '2012-02-10', 'www.yxqvlkiojgo.ijb'),
(297, 'Rutledge', 'Lee', 40, 1.99, 'af', 'ZW', 'faucibus.lectus.a@arcuCurabiturut.com', 0, '2012-04-12', 'www.vpsevgneiil.rgj'),
(298, 'Howard', 'Hollee', 44, 1.02, 'eu', 'FR', 'metus.In@lorem.com', 1, '2012-03-09', 'www.pueydqpjzba.jdh'),
(299, 'Hogan', 'Hedy', 36, 1.45, 'eu', 'BE', 'interdum.Curabitur.dictum@nequeetnunc.edu', 1, '2012-04-20', 'www.nsgntgxxoin.vud'),
(300, 'Trujillo', 'Cameron', 20, 1.46, 'af', 'NG', 'eget.nisi.dictum@adipiscingelit.edu', 0, '2012-05-02', 'www.gzavinqdrof.tbv'),
(301, 'Guerrero', 'Lydia', 21, 1.70, 'eu', 'BE', 'non.lorem@liberoDonec.co.uk', 1, '2012-02-27', 'www.eoyvdeoezyx.brz'),
(302, 'Freeman', 'Camille', 57, 1.43, 'eu', 'UK', 'neque.pellentesque@tellusfaucibusleo.ca', 1, '2012-04-03', 'www.tbdtabvrade.poo'),
(303, 'Gilmore', 'Savannah', 43, 1.61, 'eu', 'FR', 'rutrum.urna@justo.com', 0, '2012-03-12', 'www.qbzreehttqr.dgt'),
(304, 'Rosario', 'Lael', 29, 1.27, 'af', 'ZW', 'augue.id@loremauctorquis.co.uk', 0, '2012-02-21', 'www.odxhtokaift.nmn'),
(305, 'Heath', 'Sacha', 15, 1.80, 'af', 'NG', 'a.odio@Donecnibh.org', 0, '2012-04-30', 'www.bufjzzxmmhj.mdk'),
(306, 'Daniel', 'Rhiannon', 20, 1.01, 'na', 'US', 'sit.amet@variusultricesmauris.net', 1, '2012-05-02', 'www.upkhxttaezx.gzb'),
(307, 'Snow', 'Forrest', 65, 1.98, 'eu', 'BE', 'eu.eleifend@Nuncpulvinar.org', 0, '2012-01-28', 'www.vfkzeifejbi.bae'),
(308, 'Middleton', 'Kirby', 77, 1.56, 'na', 'US', 'cursus.purus.Nullam@vitaeodio.net', 1, '2012-02-13', 'www.lbsvcawdfmw.acn'),
(309, 'Moss', 'Jonas', 46, 1.07, 'eu', 'FR', 'neque.non@adipiscingligulaAenean.net', 1, '2012-04-20', 'www.joaoaxpdkgj.vgd'),
(310, 'Blackwell', 'Keegan', 61, 1.63, 'af', 'ZA', 'eu.tellus@magnisdis.com', 0, '2012-04-09', 'www.otmzavugywm.pnu'),
(311, 'Stanton', 'Troy', 15, 1.26, 'eu', 'NL', 'Suspendisse@fringilla.org', 0, '2012-02-10', 'www.qhhpeuerobb.pgt'),
(312, 'Lowe', 'Abra', 56, 1.28, 'eu', 'UK', 'adipiscing@duilectusrutrum.org', 1, '2012-03-20', 'www.grovtqkajzl.xfi'),
(313, 'Best', 'Leilani', 34, 1.12, 'af', 'ZW', 'tellus.Phasellus@Suspendissenonleo.org', 1, '2012-02-21', 'www.oxqywbvbjxv.qcb'),
(314, 'Bennett', 'Jena', 40, 1.75, 'eu', 'FR', 'varius.orci.in@Sedeunibh.org', 1, '2012-04-05', 'www.pfuydpofrqx.aik'),
(315, 'Blair', 'Scarlet', 62, 1.68, 'na', 'US', 'Nullam@Pellentesquehabitant.org', 1, '2012-04-06', 'www.lxudordwcfu.swp'),
(316, 'Reeves', 'Timon', 89, 1.18, 'eu', 'BE', 'arcu.imperdiet.ullamcorper@nonantebibendum.edu', 0, '2012-03-14', 'www.hhfjnzbjpvu.pyo'),
(317, 'Wilcox', 'Nigel', 32, 1.64, 'eu', 'NL', 'pellentesque@arcuNunc.org', 1, '2012-02-24', 'www.hohwjbmiqlq.wbc'),
(318, 'Washington', 'Wyatt', 26, 1.33, 'eu', 'FR', 'quis.massa@habitantmorbi.com', 1, '2012-01-28', 'www.xueofukhxjs.bra'),
(319, 'Cameron', 'Hu', 34, 1.95, 'af', 'ZW', 'Donec.nibh@placeratCras.edu', 1, '2012-02-16', 'www.ilzgusimtlr.zkg'),
(320, 'Lewis', 'Hiram', 36, 1.71, 'af', 'ZW', 'velit.eget@leo.com', 1, '2012-01-28', 'www.dokwabwkikp.pdt'),
(321, 'Stokes', 'Germane', 37, 1.67, 'eu', 'NL', 'primis.in.faucibus@Nulla.edu', 0, '2012-03-14', 'www.lyptiejlygb.gwu'),
(322, 'Robles', 'Heidi', 21, 1.00, 'na', 'CA', 'interdum.Nunc@risus.net', 0, '2012-03-01', 'www.hbxfhzletgv.vhw'),
(323, 'Stephenson', 'Basil', 37, 1.98, 'eu', 'NL', 'ligula.elit.pretium@eu.net', 1, '2012-02-25', 'www.oguhnpdulav.tzs'),
(324, 'Carney', 'Dalton', 67, 1.87, 'af', 'ZA', 'in.consectetuer@acipsumPhasellus.com', 0, '2012-03-15', 'www.uiggiczivdl.nze'),
(325, 'Garrison', 'Zia', 46, 1.33, 'na', 'US', 'Aliquam@cursusetmagna.org', 0, '2012-03-23', 'www.riqmmbzlfil.qst'),
(326, 'Lynn', 'Rhonda', 88, 1.23, 'eu', 'FR', 'dignissim.lacus@conubianostra.co.uk', 0, '2012-03-01', 'www.ivloewexptu.oae'),
(327, 'House', 'Wylie', 88, 1.11, 'eu', 'NL', 'gravida.mauris.ut@maurissitamet.ca', 0, '2012-02-04', 'www.bsbrlwflarw.zwa'),
(328, 'Gordon', 'Fritz', 18, 1.01, 'eu', 'NL', 'arcu.et.pede@lacinia.net', 1, '2012-03-04', 'www.qyerqbrmcaq.dct'),
(329, 'Hensley', 'Dana', 29, 1.46, 'eu', 'NL', 'et.rutrum@sagittisplaceratCras.com', 1, '2012-03-31', 'www.pvarwrvylgn.qre'),
(330, 'Hardin', 'Sharon', 82, 1.71, 'eu', 'FR', 'arcu.iaculis.enim@nulla.co.uk', 1, '2012-02-08', 'www.nvyzblpspzq.msu'),
(331, 'Ortiz', 'Amber', 28, 1.50, 'eu', 'BE', 'egestas.a@Proinvel.edu', 1, '2012-04-05', 'www.ysgorwbkqtw.vgx'),
(332, 'Heath', 'Shelley', 22, 1.22, 'na', 'CA', 'taciti.sociosqu@ornareelit.net', 0, '2012-02-08', 'www.rwnipjewhot.kwb'),
(333, 'White', 'Olga', 15, 1.14, 'eu', 'FR', 'scelerisque.scelerisque@hendrerit.edu', 1, '2012-03-22', 'www.igqqvkarlzn.ldx'),
(334, 'Bird', 'Brennan', 89, 1.72, 'af', 'NG', 'elit@et.org', 1, '2012-03-09', 'www.ampmmcypaar.zty'),
(335, 'Rollins', 'Lila', 69, 1.88, 'eu', 'FR', 'Donec.at@nonegestasa.com', 0, '2012-03-12', 'www.fdufelexkzr.cwm'),
(336, 'Strickland', 'Leo', 22, 1.91, 'eu', 'UK', 'consectetuer.adipiscing.elit@atortorNunc.com', 1, '2012-01-30', 'www.dkunjlqgymn.akr'),
(337, 'Mckee', 'Raja', 56, 1.79, 'af', 'NG', 'Sed.dictum@nonduinec.ca', 0, '2012-04-19', 'www.rgmptzpdqfm.fzm'),
(338, 'Serrano', 'Alexandra', 74, 1.27, 'eu', 'NL', 'interdum.ligula@Phasellusdapibus.com', 0, '2012-02-04', 'www.bukszwxzisl.dyd'),
(339, 'Russo', 'Alyssa', 23, 1.09, 'eu', 'UK', 'non.magna@erat.com', 0, '2012-04-26', 'www.uefdxqgvubh.xdg'),
(340, 'Humphrey', 'Sarah', 76, 1.36, 'eu', 'FR', 'nonummy.ipsum.non@eratSed.com', 0, '2012-02-25', 'www.tmconklrrxo.mge'),
(341, 'Berger', 'Buckminster', 19, 1.94, 'na', 'CA', 'sodales@Maurisut.com', 1, '2012-04-14', 'www.rtqirfuxjwy.lvj'),
(342, 'Sosa', 'Griffin', 68, 1.98, 'na', 'CA', 'egestas@nequeMorbiquis.ca', 0, '2012-01-31', 'www.xjihghsbrof.jmc'),
(343, 'Mercado', 'Rahim', 68, 1.72, 'sa', 'BR', 'cursus@sitametdapibus.org', 0, '2012-04-26', 'www.vbbmqhwdkmm.cgs'),
(344, 'Henson', 'Malcolm', 62, 1.88, 'eu', 'BE', 'imperdiet.erat.nonummy@aliquetmagnaa.com', 1, '2012-03-06', 'www.jertqewwwge.mbb'),
(345, 'Black', 'Oren', 76, 1.37, 'af', 'ZW', 'Sed.malesuada@lorem.edu', 1, '2012-02-22', 'www.kaphhutjvvr.qfk'),
(346, 'Miranda', 'Carlos', 63, 1.59, 'af', 'ZA', 'Suspendisse.non@imperdiet.com', 0, '2012-02-12', 'www.tzupvlgbwwd.nlb'),
(347, 'Decker', 'Yen', 62, 1.95, 'na', 'CA', 'commodo@nuncullamcorpereu.org', 1, '2012-01-30', 'www.ksuhoxuayaa.ozo'),
(348, 'Pennington', 'Ishmael', 18, 1.49, 'af', 'ZW', 'dui@aliquamarcuAliquam.com', 0, '2012-04-05', 'www.zakxakmayff.zsf'),
(349, 'Molina', 'Perry', 84, 1.00, 'eu', 'FR', 'amet.orci.Ut@Maurisnulla.org', 0, '2012-03-04', 'www.twkscqruvhc.tif'),
(350, 'Fletcher', 'Vivien', 84, 1.41, 'eu', 'NL', 'quis.accumsan@tristique.edu', 0, '2012-04-16', 'www.kvyfdbylggl.eqo'),
(351, 'Travis', 'Aurora', 76, 1.28, 'eu', 'BE', 'nunc@euaccumsansed.edu', 1, '2012-04-28', 'www.dbhkhsoygml.csg'),
(352, 'Kerr', 'Murphy', 80, 1.85, 'eu', 'UK', 'tincidunt.nibh.Phasellus@arcu.com', 1, '2012-02-16', 'www.swmziybbeoj.aly'),
(353, 'Pearson', 'Carlos', 33, 1.32, 'af', 'NG', 'at@ipsumSuspendissesagittis.net', 0, '2012-02-23', 'www.rwdwknxwlpy.rxe'),
(354, 'Calderon', 'Sierra', 49, 1.46, 'af', 'NG', 'velit@Mauris.com', 1, '2012-04-11', 'www.sckeriwpmzn.ymf'),
(355, 'Stevens', 'Aquila', 54, 1.56, 'eu', 'FR', 'blandit@leoCrasvehicula.co.uk', 0, '2012-01-26', 'www.ttaftoeftag.gox'),
(356, 'Adams', 'Xena', 18, 1.70, 'na', 'CA', 'Sed@nectellusNunc.com', 1, '2012-04-07', 'www.wmxpndwcawb.bpd'),
(357, 'Kirk', 'Daquan', 63, 1.46, 'sa', 'BR', 'arcu.Aliquam.ultrices@facilisismagnatellus.net', 0, '2012-03-29', 'www.sojtklvzoic.ftt'),
(358, 'Wolf', 'Fuller', 67, 1.69, 'na', 'CA', 'blandit@placerat.ca', 0, '2012-05-03', 'www.vlmjtppnjor.bep'),
(359, 'Sharp', 'Lacey', 48, 1.65, 'af', 'ZW', 'luctus.felis@feugiat.co.uk', 1, '2012-01-30', 'www.plmyadaftvy.fml'),
(360, 'Osborn', 'Jescie', 78, 1.90, 'eu', 'NL', 'tellus@estNuncullamcorper.net', 1, '2012-02-19', 'www.wuapqyvcknu.gmv'),
(361, 'Zamora', 'Kyla', 16, 1.76, 'eu', 'NL', 'rutrum@Uttincidunt.ca', 0, '2012-02-05', 'www.zmkjzeqlaqe.ajw'),
(362, 'Berg', 'Upton', 89, 1.36, 'eu', 'NL', 'semper.pretium@auctor.edu', 0, '2012-04-14', 'www.esoeitespgc.opu'),
(363, 'Alford', 'Zahir', 56, 1.64, 'na', 'CA', 'lobortis.risus@enimnon.org', 1, '2012-03-31', 'www.vorkvuzkozv.crh'),
(364, 'Ferguson', 'Brennan', 75, 1.71, 'sa', 'BR', 'ultricies.ornare@massa.com', 1, '2012-04-23', 'www.xfgmfcowjwy.eqc'),
(365, 'Christian', 'Alma', 22, 1.53, 'af', 'ZA', 'elementum.at.egestas@adipiscingfringilla.ca', 1, '2012-03-15', 'www.abtkxronutz.whi'),
(366, 'Spears', 'Kylynn', 71, 1.31, 'sa', 'BR', 'consequat.dolor@Cras.ca', 0, '2012-04-18', 'www.ucpovolcxhv.qra'),
(367, 'Deleon', 'Berk', 45, 1.75, 'na', 'CA', 'a@liberoMorbiaccumsan.ca', 1, '2012-03-31', 'www.maqjhmazmga.wyo'),
(368, 'Buchanan', 'Morgan', 64, 1.87, 'eu', 'NL', 'donec@ornarefacilisiseget.edu', 0, '2012-04-15', 'www.uccgicchrfc.icx'),
(369, 'Buckley', 'Chandler', 74, 1.13, 'eu', 'FR', 'molestie.Sed@nullaCraseu.ca', 0, '2012-02-01', 'www.oqjgwmoyjra.ewi'),
(370, 'Holland', 'Stuart', 82, 1.81, 'sa', 'BR', 'sem@velnislQuisque.edu', 1, '2012-04-25', 'www.arrjisoebzo.ywt'),
(371, 'Craig', 'Signe', 49, 1.74, 'eu', 'NL', 'Cras@scelerisqueneque.co.uk', 1, '2012-02-27', 'www.omzplooiitf.tlr'),
(372, 'Love', 'Abel', 83, 1.38, 'sa', 'BR', 'non.bibendum@acfacilisisfacilisis.edu', 0, '2012-04-27', 'www.eppmivgunuu.keq'),
(373, 'Santiago', 'Emma', 28, 1.65, 'na', 'US', 'mus.Donec@nonarcu.com', 1, '2012-04-01', 'www.xkrkfmvkdqz.ihm'),
(374, 'Sears', 'Stacey', 51, 1.14, 'eu', 'UK', 'magna.Nam.ligula@aliquetliberoInteger.co.uk', 0, '2012-03-19', 'www.xvlalkjtxer.kic'),
(375, 'Dennis', 'Simon', 48, 1.29, 'eu', 'FR', 'parturient.montes@ornaretortorat.net', 0, '2012-04-02', 'www.iacgfuqowwx.iew'),
(376, 'Blanchard', 'Andrew', 18, 1.65, 'na', 'US', 'eu.sem.Pellentesque@tincidunt.edu', 0, '2012-04-13', 'www.wswtouctqet.rvh'),
(377, 'Gallagher', 'Nelle', 84, 1.45, 'af', 'NG', 'Donec.est@vel.co.uk', 1, '2012-04-24', 'www.czjtddkyktu.idi'),
(378, 'Watts', 'Drew', 36, 1.15, 'na', 'CA', 'lorem.ac.risus@inceptoshymenaeos.edu', 1, '2012-02-10', 'www.knsvgmdkvco.chd'),
(379, 'Hatfield', 'Heidi', 17, 1.82, 'eu', 'FR', 'dictum@Inatpede.co.uk', 0, '2012-02-01', 'www.hbqceeelhpb.ilj'),
(380, 'Mcguire', 'Garrison', 45, 1.11, 'af', 'ZA', 'lobortis@massalobortis.net', 1, '2012-04-23', 'www.wzaeocmzlce.wgi'),
(381, 'Wilkerson', 'Nomlanga', 75, 1.41, 'na', 'CA', 'Curabitur.dictum.Phasellus@vestibulumneceuismod.org', 0, '2012-02-16', 'www.cwmnyqjezja.tue'),
(382, 'Humphrey', 'Odessa', 71, 1.02, 'af', 'ZW', 'diam.Pellentesque.habitant@Fuscefermentum.ca', 0, '2012-03-09', 'www.wznvinpdsbz.lbg'),
(383, 'Byers', 'Kylee', 65, 1.17, 'af', 'ZA', 'risus@Donectempuslorem.co.uk', 0, '2012-03-21', 'www.fngxofiqlmj.cqc'),
(384, 'Bullock', 'Meghan', 15, 1.39, 'na', 'US', 'imperdiet.ornare.In@morbi.edu', 1, '2012-03-11', 'www.gmjsytvpwyk.wii'),
(385, 'French', 'Jocelyn', 52, 1.52, 'na', 'CA', 'natoque.penatibus@tincidunt.edu', 1, '2012-03-29', 'www.rwoouykchsu.uic'),
(386, 'Crosby', 'Mufutau', 21, 1.33, 'af', 'ZA', 'vel@nuncnulla.com', 0, '2012-04-13', 'www.sqozjitrkzz.mjj'),
(387, 'Daniel', 'Kirestin', 20, 1.71, 'eu', 'BE', 'eu.nulla.at@Nullamnisl.edu', 1, '2012-01-29', 'www.sxkdwjqfsvy.upd'),
(388, 'Blevins', 'Vincent', 19, 1.52, 'af', 'ZW', 'consequat.purus@magnamalesuadavel.com', 1, '2012-04-18', 'www.gxcytbtievt.fkz'),
(389, 'Baldwin', 'Kylan', 66, 1.25, 'eu', 'NL', 'leo.Cras@lobortis.org', 1, '2012-01-31', 'www.ncgryzxjzyc.qep'),
(390, 'Pope', 'Belle', 17, 1.52, 'na', 'US', 'sagittis.felis@necanteblandit.com', 1, '2012-04-14', 'www.qcgqaigfxzr.yoy'),
(391, 'Langley', 'Aretha', 23, 1.65, 'af', 'NG', 'luctus.aliquet.odio@ideratEtiam.org', 1, '2012-04-16', 'www.jqagqsffqsr.tig'),
(392, 'Duffy', 'Alea', 36, 1.25, 'sa', 'BR', 'dui.nec@Sedauctorodio.org', 0, '2012-04-03', 'www.esovlgotmvf.tcs'),
(393, 'Wells', 'Petra', 75, 1.07, 'af', 'ZA', 'diam.luctus@vitae.edu', 1, '2012-05-02', 'www.fqirlolohkk.bld'),
(394, 'Nieves', 'Orlando', 52, 1.80, 'af', 'ZA', 'bibendum@pretiumet.com', 1, '2012-04-19', 'www.dtokdympbex.oaz'),
(395, 'Johnston', 'Chiquita', 18, 1.41, 'eu', 'FR', 'sodales.Mauris@massarutrummagna.ca', 0, '2012-02-23', 'www.zbsbfppgpcu.qpy'),
(396, 'Cooke', 'Bianca', 85, 1.48, 'eu', 'NL', 'nunc@feugiatSednec.co.uk', 1, '2012-04-24', 'www.jmezozqdxvq.vgl'),
(397, 'Odonnell', 'Declan', 29, 1.00, 'eu', 'FR', 'lectus.justo@elitpretiumet.com', 0, '2012-03-30', 'www.oxnltehzqyc.uzd'),
(398, 'Weiss', 'Myra', 32, 1.05, 'af', 'ZA', 'sed.hendrerit@nuncest.org', 0, '2012-03-18', 'www.hrixqksporl.usy'),
(399, 'Reese', 'Serena', 85, 1.10, 'na', 'US', 'leo@justofaucibus.com', 0, '2012-04-04', 'www.vatjreejdxh.bch'),
(400, 'Gilliam', 'Eric', 71, 1.85, 'na', 'CA', 'feugiat.non@Duissitamet.com', 0, '2012-04-25', 'www.lmtokbpnjyr.ctg'),
(401, 'Wise', 'Emerald', 35, 1.65, 'na', 'CA', 'id.ante.Nunc@lorem.edu', 1, '2012-03-11', 'www.ntdwruylaya.hoo'),
(402, 'Haynes', 'Rama', 53, 1.83, 'eu', 'BE', 'Phasellus@vitaesodales.edu', 0, '2012-03-20', 'www.dzmdymlmbwi.osq'),
(403, 'Pearson', 'Amanda', 41, 1.13, 'af', 'NG', 'Vivamus.sit.amet@Maecenas.com', 0, '2012-03-02', 'www.xsqyozngqgs.zlc'),
(404, 'Randall', 'Nadine', 87, 1.18, 'eu', 'FR', 'luctus.felis.purus@nequeNullamnisl.org', 0, '2012-02-16', 'www.jzqzgizrksn.jwj'),
(405, 'Ryan', 'Idola', 49, 1.13, 'af', 'ZA', 'facilisis.Suspendisse@mollisneccursus.co.uk', 0, '2012-05-03', 'www.mvvwoigksbb.del'),
(406, 'Wade', 'Bianca', 68, 1.34, 'eu', 'BE', 'lobortis.quam.a@cursusdiam.com', 0, '2012-02-22', 'www.ymmqnnurzse.sap'),
(407, 'Reed', 'Adena', 51, 1.93, 'eu', 'FR', 'consequat.nec@facilisisSuspendissecommodo.co.uk', 0, '2012-03-08', 'www.krxkjcckrvv.evf'),
(408, 'Heath', 'Charity', 43, 1.21, 'af', 'ZW', 'ornare@Proin.ca', 0, '2012-02-23', 'www.ftwworbkxlx.gtb'),
(409, 'Key', 'Kirestin', 27, 1.00, 'eu', 'FR', 'sit.amet@Duismi.co.uk', 0, '2012-02-12', 'www.zyoxjmddoqw.stw'),
(410, 'Cooper', 'Minerva', 45, 1.67, 'af', 'ZA', 'eu.eros@mollis.edu', 0, '2012-01-29', 'www.senhukangfj.qxc'),
(411, 'Woodward', 'Leonard', 20, 1.34, 'af', 'NG', 'vestibulum@tristiqueneque.com', 0, '2012-03-29', 'www.bhwhnfykiyr.kgd'),
(412, 'Gilbert', 'Victor', 74, 1.76, 'sa', 'BR', 'morbi@risusInmi.org', 0, '2012-02-04', 'www.lhqtghenlnx.fgp'),
(413, 'Pennington', 'Basil', 63, 1.91, 'af', 'ZA', 'Curabitur.sed@Cras.net', 0, '2012-03-23', 'www.oyvzltfsixt.yww'),
(414, 'Baker', 'Hiram', 22, 1.05, 'eu', 'UK', 'Proin@auctorvitaealiquet.ca', 0, '2012-03-23', 'www.ssxaqqznmas.pcg'),
(415, 'Gould', 'Colette', 32, 1.45, 'af', 'ZA', 'ridiculus@in.net', 1, '2012-02-12', 'www.vreisxyudhj.jux'),
(416, 'Graham', 'Alvin', 53, 1.12, 'eu', 'NL', 'Nam@porttitor.net', 1, '2012-02-09', 'www.fqpiyysswbs.jgz'),
(417, 'Estes', 'Solomon', 17, 1.24, 'af', 'ZA', 'convallis.ante@ideratEtiam.net', 1, '2012-02-13', 'www.znovphfvhmf.iuq'),
(418, 'Pitts', 'Victor', 76, 1.55, 'eu', 'NL', 'orci@temporerat.com', 0, '2012-03-19', 'www.dmakyfsswld.sas'),
(419, 'Blake', 'Denise', 82, 1.13, 'af', 'ZA', 'lacus.Quisque@Proin.org', 0, '2012-02-04', 'www.tdwqpaiqske.pno');
INSERT INTO `demo` (`id`, `name`, `firstname`, `age`, `height`, `id_continent`, `id_country`, `email`, `freelance`, `lastvisit`, `website`) VALUES
(420, 'Wilder', 'Chadwick', 31, 1.71, 'sa', 'BR', 'et.pede.Nunc@placerat.net', 1, '2012-04-21', 'www.ralklqzyfza.lsd'),
(421, 'Hardin', 'Audrey', 73, 1.61, 'sa', 'BR', 'commodo.tincidunt.nibh@seddictum.com', 1, '2012-02-02', 'www.cgvhfwtyadk.uuo'),
(422, 'Vaughn', 'Harlan', 41, 1.68, 'af', 'ZW', 'tempor.lorem@egestasDuisac.com', 0, '2012-04-11', 'www.dxadakxuyvz.inx'),
(423, 'Mathis', 'Lareina', 56, 1.91, 'na', 'US', 'ac.turpis.egestas@Proin.com', 0, '2012-03-28', 'www.jdziyyqmwff.kfk'),
(424, 'Barrera', 'Chiquita', 81, 1.26, 'sa', 'BR', 'ipsum@tempus.org', 0, '2012-04-18', 'www.edrajxkohlc.esu'),
(425, 'Burgess', 'Freya', 54, 1.94, 'sa', 'BR', 'gravida.Praesent.eu@et.com', 1, '2012-02-23', 'www.mpguaiytdbi.qau'),
(426, 'Buck', 'Martena', 24, 1.63, 'eu', 'BE', 'Mauris@malesuadafringilla.edu', 0, '2012-04-28', 'www.sadwclndgpy.jhg'),
(427, 'Wheeler', 'Keelie', 33, 1.21, 'eu', 'NL', 'non@euturpis.edu', 1, '2012-04-17', 'www.wnxcdvlkbkc.hrg'),
(428, 'Patel', 'Ferris', 15, 1.54, 'af', 'ZA', 'lacus@pharetrasedhendrerit.edu', 1, '2012-02-28', 'www.umgwxjdoqws.qld'),
(429, 'Clark', 'Calvin', 26, 1.51, 'eu', 'UK', 'euismod@eratVivamusnisi.net', 1, '2012-02-14', 'www.txgjtzzfdeh.htk'),
(430, 'Bennett', 'Boris', 70, 1.14, 'af', 'ZA', 'nunc.interdum@loremutaliquam.edu', 1, '2012-05-02', 'www.vcxyhefbohc.hln'),
(431, 'Martin', 'Keiko', 33, 1.11, 'eu', 'BE', 'sed@justonecante.org', 0, '2012-02-23', 'www.cpdrwfyhsna.zqd'),
(432, 'Fleming', 'Tiger', 55, 1.41, 'eu', 'NL', 'fringilla@libero.edu', 0, '2012-03-17', 'www.qaljnlieoqo.cct'),
(433, 'Beard', 'Simon', 51, 1.32, 'eu', 'FR', 'sagittis.lobortis@dolorsit.co.uk', 0, '2012-04-07', 'www.leezutcxmdh.ynn'),
(434, 'Stephenson', 'Kevin', 19, 1.02, 'af', 'NG', 'sit.amet.ultricies@lectussitamet.ca', 1, '2012-02-05', 'www.qtncxubkiyr.kyy'),
(435, 'Morin', 'Trevor', 65, 1.36, 'af', 'ZA', 'fringilla.purus@necleoMorbi.co.uk', 1, '2012-02-29', 'www.uzfcywmwvdh.mmz'),
(436, 'Gordon', 'Callum', 47, 1.99, 'sa', 'BR', 'urna@Etiam.net', 0, '2012-03-05', 'www.kfwfjdsvcbx.ozv'),
(437, 'Bernard', 'Galvin', 33, 1.45, 'na', 'CA', 'consectetuer.cursus.et@elitsedconsequat.net', 0, '2012-05-01', 'www.xnyapwoorqs.ycg'),
(438, 'Rich', 'William', 87, 1.15, 'sa', 'BR', 'Vivamus.non.lorem@penatibusetmagnis.edu', 0, '2012-03-27', 'www.osafitekzyv.yal'),
(439, 'Ortega', 'Maya', 75, 1.37, 'eu', 'FR', 'ornare.In.faucibus@fermentumvelmauris.ca', 0, '2012-02-17', 'www.srtrpoqpaik.uqe'),
(440, 'Kent', 'Walter', 48, 1.84, 'na', 'CA', 'sodales@mollis.co.uk', 1, '2012-02-19', 'www.lmglvqglutw.goh'),
(441, 'Frank', 'Alexa', 80, 1.80, 'eu', 'NL', 'Nunc.pulvinar.arcu@Phasellusin.ca', 0, '2012-03-24', 'www.vuqqnnwcueo.rbp'),
(442, 'Gutierrez', 'Zeph', 54, 1.92, 'eu', 'FR', 'Nam.tempor.diam@Seddiam.net', 0, '2012-02-13', 'www.wqervsiwhsh.vqo'),
(443, 'Montoya', 'Justin', 81, 1.74, 'na', 'CA', 'vulputate@idantedictum.com', 1, '2012-02-12', 'www.wnkegrzwgqc.dkn'),
(444, 'Christensen', 'Noble', 31, 1.75, 'af', 'NG', 'at@pretiumaliquetmetus.co.uk', 0, '2012-02-26', 'www.ixbondsyrwg.xqt'),
(445, 'Mason', 'Ivory', 61, 1.23, 'sa', 'BR', 'Mauris@arcu.co.uk', 1, '2012-02-03', 'www.lqrcnyaerpv.huf'),
(446, 'Silva', 'Iola', 77, 1.03, 'eu', 'NL', 'enim@egetvarius.co.uk', 0, '2012-03-12', 'www.taglpbtjgoa.cqk'),
(447, 'Weeks', 'Galvin', 32, 1.87, 'af', 'ZW', 'blandit@convallisante.co.uk', 1, '2012-02-01', 'www.nriugiwxtvb.zrv'),
(448, 'Harper', 'Kameko', 53, 1.11, 'af', 'NG', 'purus@Cras.com', 0, '2012-04-29', 'www.ucfoyhopcyi.pdm'),
(449, 'Patel', 'Joshua', 90, 1.91, 'na', 'US', 'in@malesuada.co.uk', 0, '2012-03-21', 'www.rnstmajpnbv.nay'),
(450, 'Golden', 'Aline', 49, 1.38, 'eu', 'BE', 'eu.augue.porttitor@nec.com', 1, '2012-04-26', 'www.sogfqbsrzbc.lly'),
(451, 'Reyes', 'Barrett', 57, 1.92, 'eu', 'NL', 'dui.quis@natoquepenatibus.net', 0, '2012-04-25', 'www.sjrsluextxy.hwe'),
(452, 'Lynn', 'Kasimir', 23, 1.63, 'af', 'ZA', 'Curabitur@luctus.co.uk', 0, '2012-04-16', 'www.sbjlzhtvlhc.oym'),
(453, 'Donaldson', 'Kelsie', 50, 1.62, 'af', 'ZW', 'arcu.Nunc@neque.net', 0, '2012-02-29', 'www.zlyltaarngk.zyq'),
(454, 'Doyle', 'Ainsley', 81, 1.74, 'af', 'ZA', 'in.aliquet.lobortis@velconvallis.edu', 0, '2012-02-26', 'www.xdvkkgjixqt.tif'),
(455, 'Kline', 'Kiona', 78, 1.16, 'af', 'NG', 'libero.mauris@risusDonecegestas.org', 0, '2012-03-17', 'www.nvpkljeuorn.kvf'),
(456, 'Walter', 'Zena', 25, 1.38, 'na', 'US', 'arcu@vulputate.co.uk', 1, '2012-03-30', 'www.gdjvvxfrceq.gmn'),
(457, 'Emerson', 'Clark', 89, 1.58, 'eu', 'NL', 'ridiculus.mus@vestibulum.ca', 1, '2012-04-05', 'www.xtpaxggjunm.tdi'),
(458, 'Valenzuela', 'Basia', 17, 1.18, 'sa', 'BR', 'auctor.velit.Aliquam@velarcuCurabitur.net', 1, '2012-03-22', 'www.rzhlntfqcdd.dga'),
(459, 'Calhoun', 'Rose', 82, 1.29, 'sa', 'BR', 'imperdiet.dictum.magna@Suspendisse.edu', 1, '2012-04-06', 'www.xggzjkdpkgn.hmm'),
(460, 'Wolfe', 'Althea', 28, 1.61, 'af', 'NG', 'imperdiet.ullamcorper@Duisami.edu', 0, '2012-04-24', 'www.edwpjjwwvwi.aln'),
(461, 'Carey', 'Cherokee', 26, 1.25, 'af', 'NG', 'dui.semper.et@scelerisquescelerisque.co.uk', 1, '2012-02-26', 'www.cusyqbycocq.sie'),
(462, 'Moon', 'Constance', 36, 1.48, 'af', 'NG', 'volutpat.Nulla.dignissim@aliquet.com', 1, '2012-04-24', 'www.rhufjkysoog.wad'),
(463, 'Stewart', 'Pearl', 40, 1.58, 'na', 'US', 'mollis@leo.com', 1, '2012-03-20', 'www.jgjyvpuvtqr.ben'),
(464, 'Wilcox', 'Kane', 68, 1.95, 'eu', 'BE', 'netus@egettinciduntdui.co.uk', 1, '2012-01-29', 'www.fumykeapszv.kxk'),
(465, 'Lloyd', 'Heidi', 67, 1.18, 'af', 'ZW', 'pharetra@Vestibulumante.net', 1, '2012-03-21', 'www.xsmqsiaptog.lsb'),
(466, 'Hodge', 'Hayfa', 27, 1.02, 'eu', 'NL', 'enim.sit.amet@enimdiam.co.uk', 0, '2012-04-02', 'www.tyumnbygcjw.hjd'),
(467, 'Cannon', 'Lionel', 20, 1.56, 'na', 'CA', 'vulputate@tortorIntegeraliquam.org', 0, '2012-04-04', 'www.bjoesllcooj.qda'),
(468, 'Gaines', 'Tanek', 74, 1.10, 'eu', 'UK', 'enim.Etiam.imperdiet@asollicitudinorci.net', 0, '2012-03-14', 'www.vfokuyaxzih.tlh'),
(469, 'Bishop', 'Lee', 32, 1.32, 'eu', 'UK', 'convallis.erat.eget@Sed.edu', 1, '2012-02-28', 'www.iasiizbthda.noi'),
(470, 'Lane', 'Anastasia', 56, 1.09, 'eu', 'BE', 'nibh.Quisque@dictumplacerataugue.org', 0, '2012-02-17', 'www.gmyoqzcehpq.wro'),
(471, 'Allison', 'Carson', 54, 1.52, 'af', 'ZW', 'ut.cursus.luctus@pedeSuspendisse.net', 0, '2012-02-09', 'www.yukgkbcbpcd.cql'),
(472, 'Henson', 'Chloe', 56, 1.41, 'eu', 'FR', 'malesuada.ut.sem@liberonecligula.org', 0, '2012-01-29', 'www.joezqibhtmv.hza'),
(473, 'Rollins', 'Dennis', 86, 1.01, 'af', 'ZA', 'sociis@felisNullatempor.com', 0, '2012-04-11', 'www.njtgwpovpiy.okd'),
(474, 'Lynn', 'Melinda', 49, 1.24, 'af', 'ZA', 'mi.enim.condimentum@risusvariusorci.ca', 1, '2012-04-05', 'www.acmqllewosr.zyc'),
(475, 'Oconnor', 'McKenzie', 39, 1.25, 'na', 'CA', 'Mauris.vel@hendreritaarcu.net', 0, '2012-02-18', 'www.kazytryrtqm.bxb'),
(476, 'Steele', 'Martha', 72, 1.94, 'na', 'CA', 'et.rutrum.non@idenimCurabitur.ca', 1, '2012-02-01', 'www.oliicukzwht.qfg'),
(477, 'Kaufman', 'Rachel', 72, 1.27, 'eu', 'UK', 'id@tortor.org', 0, '2012-03-27', 'www.htfdazufggb.amu'),
(478, 'Sosa', 'Sheila', 58, 1.45, 'eu', 'BE', 'pellentesque.massa.lobortis@adui.co.uk', 1, '2012-04-26', 'www.cqvjxxjjrfh.gsv'),
(479, 'Keller', 'Lara', 56, 1.22, 'na', 'CA', 'tincidunt.congue.turpis@tellusnonmagna.edu', 1, '2012-04-05', 'www.mladrikjdxc.rei'),
(480, 'Noel', 'Sean', 19, 1.29, 'sa', 'BR', 'Nam.ligula.elit@nuncac.net', 0, '2012-04-13', 'www.gdrjauafdso.ezo'),
(481, 'Sampson', 'Meredith', 80, 1.52, 'eu', 'BE', 'sit.amet@utpellentesqueeget.co.uk', 1, '2012-04-16', 'www.bzxerljraem.wus'),
(482, 'Collier', 'Savannah', 22, 1.71, 'sa', 'BR', 'at.pede.Cras@placerat.edu', 1, '2012-04-09', 'www.gjngoadishg.vbk'),
(483, 'Lawson', 'Keegan', 41, 1.48, 'eu', 'UK', 'ut@magnatellusfaucibus.com', 1, '2012-02-20', 'www.phwipceqmrx.ves'),
(484, 'Nunez', 'Elmo', 69, 1.78, 'af', 'ZW', 'dictum.eleifend@rhoncusNullam.net', 0, '2012-01-31', 'www.lxxyputtnlx.fdu'),
(485, 'Blankenship', 'Lacy', 33, 1.20, 'eu', 'NL', 'sit.amet@lectusa.org', 1, '2012-03-16', 'www.fftsqqytlan.rfn'),
(486, 'Ware', 'Ila', 72, 1.19, 'af', 'ZA', 'ultrices.posuere@sem.org', 1, '2012-03-05', 'www.ujnfjawpovf.iad'),
(487, 'Noel', 'Skyler', 71, 1.29, 'af', 'ZW', 'non@ligulatortor.net', 1, '2012-03-10', 'www.vrkjmqrmujk.nqi'),
(488, 'Freeman', 'Brody', 70, 1.50, 'af', 'ZW', 'aliquet@Donecnibhenim.net', 0, '2012-01-30', 'www.dlzxvjlmstn.lhn'),
(489, 'Knapp', 'Belle', 30, 1.04, 'af', 'ZW', 'Quisque.purus.sapien@nonummy.co.uk', 1, '2012-04-23', 'www.ejjwdxhkkvx.qwj'),
(490, 'Mitchell', 'Lillian', 46, 1.82, 'af', 'ZA', 'vitae.aliquet.nec@aliquetmagna.co.uk', 1, '2012-02-23', 'www.zdzkyxavhqp.snv'),
(491, 'Kelley', 'Mariko', 84, 1.69, 'sa', 'BR', 'blandit@vitaenibh.ca', 0, '2012-04-13', 'www.bofifubtqon.nel'),
(492, 'Carrillo', 'Mona', 51, 1.52, 'af', 'NG', 'amet.orci.Ut@eros.net', 0, '2012-02-01', 'www.rwehksupdyk.pnr'),
(493, 'Cooper', 'Joshua', 38, 1.31, 'eu', 'UK', 'Ut.semper@non.co.uk', 1, '2012-05-02', 'www.hugltrbhign.qpq'),
(494, 'Shepard', 'Kelly', 81, 1.33, 'na', 'US', 'nec@laoreet.ca', 1, '2012-04-05', 'www.cqclwpbmgxt.cgb'),
(495, 'Shannon', 'Maile', 86, 1.63, 'sa', 'BR', 'turpis.Nulla.aliquet@et.net', 1, '2012-03-24', 'www.lwkruduaequ.dgd'),
(496, 'Garrison', 'Burke', 75, 1.07, 'af', 'NG', 'tristique.pellentesque.tellus@dolor.org', 0, '2012-04-15', 'www.jhcoxxrdbaf.vby'),
(497, 'Long', 'Tatiana', 50, 1.21, 'na', 'CA', 'lacus.Quisque@Donecnon.org', 0, '2012-02-24', 'www.maqnbvjctxb.gde'),
(498, 'Moore', 'Olga', 85, 1.98, 'eu', 'NL', 'est@arcuVestibulumante.net', 1, '2012-02-01', 'www.obyizaodefz.dfv'),
(499, 'Crosby', 'Sylvester', 57, 1.70, 'eu', 'NL', 'augue.malesuada.malesuada@malesuadavel.co.uk', 0, '2012-03-09', 'www.wlobrnewjjg.ydg'),
(500, 'Kinney', 'Veronica', 66, 1.64, 'af', 'ZW', 'blandit.mattis@nonleoVivamus.ca', 1, '2012-01-26', 'www.mujveqthwgg.oys');

/*!40101 SET CHARACTER_SET_CLIENT=@OLD_CHARACTER_SET_CLIENT */;
/*!40101 SET CHARACTER_SET_RESULTS=@OLD_CHARACTER_SET_RESULTS */;
/*!40101 SET COLLATION_CONNECTION=@OLD_COLLATION_CONNECTION */;
